{
  "eval_config": {
    "do_filter": false,
    "link_pb_lb": 0,
    "link_pb_ub": 1,
    "rho_lb": 0,
    "rho_ub": 1,
    "len_one_check": false,
    "metadata_tokens_len_lb": 0,
    "filtered_1_start_query": false,
    "query_len_ub": 100,
    "use_fasttext_filter": false,
    "use_origin_score": false,
    "link_method": "TAGME",
    "test_collection_name": "ntcir15",
    "train_or_test": "test",
    "data_field": "metadata",
    "res_dir_name": "multi_run",
    "k": 10
  },
  "each query": {
    "DS1-E-1066": {
      "ndcg_cut_5": 0.36331756126716835,
      "ndcg_cut_10": 0.36331756126716835,
      "map_cut_5": 0.20833333333333331,
      "map_cut_10": 0.20833333333333331
    },
    "DS1-E-1036": {
      "ndcg_cut_5": 0.0,
      "ndcg_cut_10": 0.0,
      "map_cut_5": 0.0,
      "map_cut_10": 0.0
    },
    "DS1-E-1052": {
      "ndcg_cut_5": 0.0,
      "ndcg_cut_10": 0.0,
      "map_cut_5": 0.0,
      "map_cut_10": 0.0
    },
    "DS1-E-1080": {
      "ndcg_cut_5": 0.3391602052736161,
      "ndcg_cut_10": 0.45221360703148816,
      "map_cut_5": 0.2,
      "map_cut_10": 0.2571428571428571
    },
    "DS1-E-1030": {
      "ndcg_cut_5": 0.0,
      "ndcg_cut_10": 0.0,
      "map_cut_5": 0.0,
      "map_cut_10": 0.0
    },
    "DS1-E-1020": {
      "ndcg_cut_5": 0.6843515475204855,
      "ndcg_cut_10": 0.7167674835027339,
      "map_cut_5": 0.15294117647058825,
      "map_cut_10": 0.30371148459383757
    },
    "DS1-E-1031": {
      "ndcg_cut_5": 0.6131471927654584,
      "ndcg_cut_10": 0.6131471927654584,
      "map_cut_5": 0.5,
      "map_cut_10": 0.5
    },
    "DS1-E-1060": {
      "ndcg_cut_5": 0.15101961822780524,
      "ndcg_cut_10": 0.2811463015585058,
      "map_cut_5": 0.05,
      "map_cut_10": 0.12142857142857143
    },
    "DS1-E-1082": {
      "ndcg_cut_5": 0.0,
      "ndcg_cut_10": 0.0,
      "map_cut_5": 0.0,
      "map_cut_10": 0.0
    },
    "DS1-E-1026": {
      "ndcg_cut_5": 0.0,
      "ndcg_cut_10": 0.0,
      "map_cut_5": 0.0,
      "map_cut_10": 0.0
    },
    "DS1-E-1090": {
      "ndcg_cut_5": 0.0,
      "ndcg_cut_10": 0.0,
      "map_cut_5": 0.0,
      "map_cut_10": 0.0
    },
    "DS1-E-1088": {
      "ndcg_cut_5": 0.4912596920895758,
      "ndcg_cut_10": 0.5278432933752526,
      "map_cut_5": 0.13333333333333333,
      "map_cut_10": 0.28859126984126987
    },
    "DS1-E-1029": {
      "ndcg_cut_5": 0.6387878864795979,
      "ndcg_cut_10": 0.6387878864795979,
      "map_cut_5": 0.3333333333333333,
      "map_cut_10": 0.3333333333333333
    },
    "DS1-E-1083": {
      "ndcg_cut_5": 0.0,
      "ndcg_cut_10": 0.0,
      "map_cut_5": 0.0,
      "map_cut_10": 0.0
    },
    "DS1-E-1028": {
      "ndcg_cut_5": 0.0,
      "ndcg_cut_10": 0.0,
      "map_cut_5": 0.0,
      "map_cut_10": 0.0
    },
    "DS1-E-1013": {
      "ndcg_cut_5": 0.0,
      "ndcg_cut_10": 0.0,
      "map_cut_5": 0.0,
      "map_cut_10": 0.0
    },
    "DS1-E-1074": {
      "ndcg_cut_5": 0.30078518014914984,
      "ndcg_cut_10": 0.40777831251641367,
      "map_cut_5": 0.14666666666666667,
      "map_cut_10": 0.22166666666666668
    },
    "DS1-E-1054": {
      "ndcg_cut_5": 0.0,
      "ndcg_cut_10": 0.13905617951077562,
      "map_cut_5": 0.0,
      "map_cut_10": 0.041666666666666664
    },
    "DS1-E-1018": {
      "ndcg_cut_5": 0.0,
      "ndcg_cut_10": 0.0,
      "map_cut_5": 0.0,
      "map_cut_10": 0.0
    },
    "DS1-E-1040": {
      "ndcg_cut_5": 0.0,
      "ndcg_cut_10": 0.0,
      "map_cut_5": 0.0,
      "map_cut_10": 0.0
    },
    "DS1-E-1093": {
      "ndcg_cut_5": 0.0,
      "ndcg_cut_10": 0.0,
      "map_cut_5": 0.0,
      "map_cut_10": 0.0
    },
    "DS1-E-1047": {
      "ndcg_cut_5": 0.0,
      "ndcg_cut_10": 0.0,
      "map_cut_5": 0.0,
      "map_cut_10": 0.0
    },
    "DS1-E-1087": {
      "ndcg_cut_5": 0.46927872602275644,
      "ndcg_cut_10": 0.46927872602275644,
      "map_cut_5": 0.3333333333333333,
      "map_cut_10": 0.3333333333333333
    },
    "DS1-E-1070": {
      "ndcg_cut_5": 0.0,
      "ndcg_cut_10": 0.0,
      "map_cut_5": 0.0,
      "map_cut_10": 0.0
    },
    "DS1-E-1006": {
      "ndcg_cut_5": 0.0,
      "ndcg_cut_10": 0.0,
      "map_cut_5": 0.0,
      "map_cut_10": 0.0
    },
    "DS1-E-1063": {
      "ndcg_cut_5": 0.0,
      "ndcg_cut_10": 0.0,
      "map_cut_5": 0.0,
      "map_cut_10": 0.0
    },
    "DS1-E-1005": {
      "ndcg_cut_5": 0.639945385422766,
      "ndcg_cut_10": 0.48471198902551854,
      "map_cut_5": 0.22666666666666666,
      "map_cut_10": 0.27666666666666667
    },
    "DS1-E-1017": {
      "ndcg_cut_5": 0.14606834984270645,
      "ndcg_cut_10": 0.16421958630632802,
      "map_cut_5": 0.025,
      "map_cut_10": 0.05
    },
    "DS1-E-1061": {
      "ndcg_cut_5": 0.0,
      "ndcg_cut_10": 0.18457569677956817,
      "map_cut_5": 0.0,
      "map_cut_10": 0.05555555555555555
    },
    "DS1-E-1076": {
      "ndcg_cut_5": 0.5,
      "ndcg_cut_10": 0.5,
      "map_cut_5": 0.3333333333333333,
      "map_cut_10": 0.3333333333333333
    },
    "DS1-E-1009": {
      "ndcg_cut_5": 0.0,
      "ndcg_cut_10": 0.0,
      "map_cut_5": 0.0,
      "map_cut_10": 0.0
    },
    "DS1-E-1055": {
      "ndcg_cut_5": 0.0,
      "ndcg_cut_10": 0.0,
      "map_cut_5": 0.0,
      "map_cut_10": 0.0
    },
    "DS1-E-1014": {
      "ndcg_cut_5": 0.0,
      "ndcg_cut_10": 0.0,
      "map_cut_5": 0.0,
      "map_cut_10": 0.0
    },
    "DS1-E-1032": {
      "ndcg_cut_5": 0.0,
      "ndcg_cut_10": 0.0,
      "map_cut_5": 0.0,
      "map_cut_10": 0.0
    },
    "DS1-E-1008": {
      "ndcg_cut_5": 0.0,
      "ndcg_cut_10": 0.0,
      "map_cut_5": 0.0,
      "map_cut_10": 0.0
    },
    "DS1-E-1041": {
      "ndcg_cut_5": 0.0,
      "ndcg_cut_10": 0.0,
      "map_cut_5": 0.0,
      "map_cut_10": 0.0
    },
    "DS1-E-1003": {
      "ndcg_cut_5": 0.0,
      "ndcg_cut_10": 0.0,
      "map_cut_5": 0.0,
      "map_cut_10": 0.0
    },
    "DS1-E-1092": {
      "ndcg_cut_5": 0.0,
      "ndcg_cut_10": 0.0,
      "map_cut_5": 0.0,
      "map_cut_10": 0.0
    },
    "DS1-E-1096": {
      "ndcg_cut_5": 0.15979138559512832,
      "ndcg_cut_10": 0.23021342230954744,
      "map_cut_5": 0.05,
      "map_cut_10": 0.11333333333333333
    },
    "DS1-E-1086": {
      "ndcg_cut_5": 0.6240505200038379,
      "ndcg_cut_10": 0.6240505200038379,
      "map_cut_5": 0.45,
      "map_cut_10": 0.45
    },
    "DS1-E-1015": {
      "ndcg_cut_5": 0.0,
      "ndcg_cut_10": 0.0,
      "map_cut_5": 0.0,
      "map_cut_10": 0.0
    },
    "DS1-E-1069": {
      "ndcg_cut_5": 0.43067655807339306,
      "ndcg_cut_10": 0.43067655807339306,
      "map_cut_5": 0.25,
      "map_cut_10": 0.25
    },
    "DS1-E-1051": {
      "ndcg_cut_5": 0.23719771276929622,
      "ndcg_cut_10": 0.23719771276929622,
      "map_cut_5": 0.1,
      "map_cut_10": 0.1
    },
    "DS1-E-1037": {
      "ndcg_cut_5": 0.0,
      "ndcg_cut_10": 0.0,
      "map_cut_5": 0.0,
      "map_cut_10": 0.0
    },
    "DS1-E-1064": {
      "ndcg_cut_5": 1.0,
      "ndcg_cut_10": 1.0,
      "map_cut_5": 1.0,
      "map_cut_10": 1.0
    },
    "DS1-E-1049": {
      "ndcg_cut_5": 0.0,
      "ndcg_cut_10": 0.0,
      "map_cut_5": 0.0,
      "map_cut_10": 0.0
    },
    "DS1-E-1058": {
      "ndcg_cut_5": 0.27727342735504823,
      "ndcg_cut_10": 0.3908903819124799,
      "map_cut_5": 0.09285714285714286,
      "map_cut_10": 0.20357142857142854
    },
    "DS1-E-1067": {
      "ndcg_cut_5": 0.36684161473361737,
      "ndcg_cut_10": 0.4367520992878997,
      "map_cut_5": 0.08421052631578947,
      "map_cut_10": 0.18728070175438596
    },
    "DS1-E-1007": {
      "ndcg_cut_5": 0.0,
      "ndcg_cut_10": 0.0,
      "map_cut_5": 0.0,
      "map_cut_10": 0.0
    },
    "DS1-E-1085": {
      "ndcg_cut_5": 0.8687949224876582,
      "ndcg_cut_10": 0.6274092458891772,
      "map_cut_5": 0.4,
      "map_cut_10": 0.45
    },
    "DS1-E-1078": {
      "ndcg_cut_5": 0.3798950311598296,
      "ndcg_cut_10": 0.42917546348844393,
      "map_cut_5": 0.1515151515151515,
      "map_cut_10": 0.21818181818181817
    },