{
  "eval_config": {
    "do_filter": false,
    "link_pb_lb": 0,
    "link_pb_ub": 1,
    "rho_lb": 0,
    "rho_ub": 1,
    "len_one_check": false,
    "metadata_tokens_len_lb": 0,
    "filtered_1_start_query": false,
    "query_len_ub": 100,
    "use_fasttext_filter": false,
    "use_origin_score": false,
    "link_method": "TAGME",
    "test_collection_name": "ntcir15",
    "train_or_test": "test",
    "data_field": "metadata",
    "res_dir_name": "multi_run",
    "k": 10
  },
  "each query": {
    "DS1-E-1001": {
      "ndcg_cut_5": 0.0,
      "ndcg_cut_10": 0.0,
      "map_cut_5": 0.0,
      "map_cut_10": 0.0
    },
    "DS1-E-1002": {
      "ndcg_cut_5": 0.0,
      "ndcg_cut_10": 0.0,
      "map_cut_5": 0.0,
      "map_cut_10": 0.0
    },
    "DS1-E-1003": {
      "ndcg_cut_5": 0.0,
      "ndcg_cut_10": 0.0,
      "map_cut_5": 0.0,
      "map_cut_10": 0.0
    },
    "DS1-E-1004": {
      "ndcg_cut_5": 0.830419897363192,
      "ndcg_cut_10": 0.6835381846158709,
      "map_cut_5": 0.3227272727272727,
      "map_cut_10": 0.45909090909090905
    },
    "DS1-E-1005": {
      "ndcg_cut_5": 0.639945385422766,
      "ndcg_cut_10": 0.4789015552876929,
      "map_cut_5": 0.22666666666666666,
      "map_cut_10": 0.26666666666666666
    },
    "DS1-E-1006": {
      "ndcg_cut_5": 0.0,
      "ndcg_cut_10": 0.0,
      "map_cut_5": 0.0,
      "map_cut_10": 0.0
    },
    "DS1-E-1007": {
      "ndcg_cut_5": 0.0,
      "ndcg_cut_10": 0.0,
      "map_cut_5": 0.0,
      "map_cut_10": 0.0
    },
    "DS1-E-1008": {
      "ndcg_cut_5": 0.0,
      "ndcg_cut_10": 0.0,
      "map_cut_5": 0.0,
      "map_cut_10": 0.0
    },
    "DS1-E-1009": {
      "ndcg_cut_5": 0.0,
      "ndcg_cut_10": 0.0,
      "map_cut_5": 0.0,
      "map_cut_10": 0.0
    },
    "DS1-E-1010": {
      "ndcg_cut_5": 0.3623379437392863,
      "ndcg_cut_10": 0.25807905549843924,
      "map_cut_5": 0.15,
      "map_cut_10": 0.15
    },
    "DS1-E-1011": {
      "ndcg_cut_5": 0.5143371794949736,
      "ndcg_cut_10": 0.5143371794949736,
      "map_cut_5": 0.3583333333333333,
      "map_cut_10": 0.3583333333333333
    },
    "DS1-E-1012": {
      "ndcg_cut_5": 0.0,
      "ndcg_cut_10": 0.0,
      "map_cut_5": 0.0,
      "map_cut_10": 0.0
    },
    "DS1-E-1013": {
      "ndcg_cut_5": 0.0,
      "ndcg_cut_10": 0.0,
      "map_cut_5": 0.0,
      "map_cut_10": 0.0
    },
    "DS1-E-1014": {
      "ndcg_cut_5": 0.0,
      "ndcg_cut_10": 0.0,
      "map_cut_5": 0.0,
      "map_cut_10": 0.0
    },
    "DS1-E-1015": {
      "ndcg_cut_5": 0.0,
      "ndcg_cut_10": 0.0,
      "map_cut_5": 0.0,
      "map_cut_10": 0.0
    },
    "DS1-E-1016": {
      "ndcg_cut_5": 0.0,
      "ndcg_cut_10": 0.0,
      "map_cut_5": 0.0,
      "map_cut_10": 0.0
    },
    "DS1-E-1017": {
      "ndcg_cut_5": 0.38356636737133565,
      "ndcg_cut_10": 0.2489083270225946,
      "map_cut_5": 0.11666666666666665,
      "map_cut_10": 0.11666666666666665
    },
    "DS1-E-1018": {
      "ndcg_cut_5": 0.0,
      "ndcg_cut_10": 0.0,
      "map_cut_5": 0.0,
      "map_cut_10": 0.0
    },
    "DS1-E-1019": {
      "ndcg_cut_5": 0.5531464700081437,
      "ndcg_cut_10": 0.3589542101716347,
      "map_cut_5": 0.18181818181818182,
      "map_cut_10": 0.18181818181818182
    },
    "DS1-E-1020": {
      "ndcg_cut_5": 0.6992148198508501,
      "ndcg_cut_10": 0.7353797772725617,
      "map_cut_5": 0.16176470588235295,
      "map_cut_10": 0.32338935574229694
    },
    "DS1-E-1021": {
      "ndcg_cut_5": 0.0,
      "ndcg_cut_10": 0.0,
      "map_cut_5": 0.0,
      "map_cut_10": 0.0
    },
    "DS1-E-1022": {
      "ndcg_cut_5": 0.0,
      "ndcg_cut_10": 0.0,
      "map_cut_5": 0.0,
      "map_cut_10": 0.0
    },
    "DS1-E-1023": {
      "ndcg_cut_5": 0.7860137352654724,
      "ndcg_cut_10": 0.7466597163776713,
      "map_cut_5": 0.40208333333333335,
      "map_cut_10": 0.574702380952381
    },
    "DS1-E-1024": {
      "ndcg_cut_5": 0.5531464700081437,
      "ndcg_cut_10": 0.3589542101716347,
      "map_cut_5": 0.16666666666666666,
      "map_cut_10": 0.16666666666666666
    },
    "DS1-E-1025": {
      "ndcg_cut_5": 0.6164336326286644,
      "ndcg_cut_10": 0.615406227586239,
      "map_cut_5": 0.09130434782608696,
      "map_cut_10": 0.1774327122153209
    },
    "DS1-E-1026": {
      "ndcg_cut_5": 0.0,
      "ndcg_cut_10": 0.0,
      "map_cut_5": 0.0,
      "map_cut_10": 0.0
    },
    "DS1-E-1027": {
      "ndcg_cut_5": 0.4912596920895758,
      "ndcg_cut_10": 0.36637716437781265,
      "map_cut_5": 0.2,
      "map_cut_10": 0.2
    },
    "DS1-E-1028": {
      "ndcg_cut_5": 0.0,
      "ndcg_cut_10": 0.0,
      "map_cut_5": 0.0,
      "map_cut_10": 0.0
    },
    "DS1-E-1029": {
      "ndcg_cut_5": 0.6387878864795979,
      "ndcg_cut_10": 0.6387878864795979,
      "map_cut_5": 0.3333333333333333,
      "map_cut_10": 0.3333333333333333
    },
    "DS1-E-1030": {
      "ndcg_cut_5": 0.0,
      "ndcg_cut_10": 0.0,
      "map_cut_5": 0.0,
      "map_cut_10": 0.0
    },
    "DS1-E-1031": {
      "ndcg_cut_5": 0.3065735963827292,
      "ndcg_cut_10": 0.3065735963827292,
      "map_cut_5": 0.16666666666666666,
      "map_cut_10": 0.16666666666666666
    },
    "DS1-E-1032": {
      "ndcg_cut_5": 0.0,
      "ndcg_cut_10": 0.0,
      "map_cut_5": 0.0,
      "map_cut_10": 0.0
    },
    "DS1-E-1033": {
      "ndcg_cut_5": 0.0,
      "ndcg_cut_10": 0.0,
      "map_cut_5": 0.0,
      "map_cut_10": 0.0
    },
    "DS1-E-1034": {
      "ndcg_cut_5": 0.0,
      "ndcg_cut_10": 0.0,
      "map_cut_5": 0.0,
      "map_cut_10": 0.0
    },
    "DS1-E-1035": {
      "ndcg_cut_5": 0.2385191169365424,
      "ndcg_cut_10": 0.2385191169365424,
      "map_cut_5": 0.08333333333333333,
      "map_cut_10": 0.08333333333333333
    },
    "DS1-E-1036": {
      "ndcg_cut_5": 0.0,
      "ndcg_cut_10": 0.0,
      "map_cut_5": 0.0,
      "map_cut_10": 0.0
    },
    "DS1-E-1037": {
      "ndcg_cut_5": 0.0,
      "ndcg_cut_10": 0.0,
      "map_cut_5": 0.0,
      "map_cut_10": 0.0
    },
    "DS1-E-1038": {
      "ndcg_cut_5": 0.7039180890341347,
      "ndcg_cut_10": 0.7039180890341347,
      "map_cut_5": 0.5555555555555555,
      "map_cut_10": 0.5555555555555555
    },
    "DS1-E-1039": {
      "ndcg_cut_5": 0.0,
      "ndcg_cut_10": 0.0,
      "map_cut_5": 0.0,
      "map_cut_10": 0.0
    },
    "DS1-E-1040": {
      "ndcg_cut_5": 0.0,
      "ndcg_cut_10": 0.0,
      "map_cut_5": 0.0,
      "map_cut_10": 0.0
    },
    "DS1-E-1041": {
      "ndcg_cut_5": 0.0,
      "ndcg_cut_10": 0.0,
      "map_cut_5": 0.0,
      "map_cut_10": 0.0
    },
    "DS1-E-1042": {
      "ndcg_cut_5": 0.0,
      "ndcg_cut_10": 0.0,
      "map_cut_5": 0.0,
      "map_cut_10": 0.0
    },
    "DS1-E-1043": {
      "ndcg_cut_5": 0.0,
      "ndcg_cut_10": 0.0,
      "map_cut_5": 0.0,
      "map_cut_10": 0.0
    },
    "DS1-E-1044": {
      "ndcg_cut_5": 1.0,
      "ndcg_cut_10": 1.0,
      "map_cut_5": 1.0,
      "map_cut_10": 1.0
    },
    "DS1-E-1045": {
      "ndcg_cut_5": 0.0,
      "ndcg_cut_10": 0.0,
      "map_cut_5": 0.0,
      "map_cut_10": 0.0
    },
    "DS1-E-1046": {
      "ndcg_cut_5": 0.0,
      "ndcg_cut_10": 0.0,
      "map_cut_5": 0.0,
      "map_cut_10": 0.0
    },
    "DS1-E-1047": {
      "ndcg_cut_5": 0.0,
      "ndcg_cut_10": 0.0,
      "map_cut_5": 0.0,
      "map_cut_10": 0.0
    },
    "DS1-E-1048": {
      "ndcg_cut_5": 0.4130547397016814,
      "ndcg_cut_10": 0.29420263302058774,
      "map_cut_5": 0.15384615384615385,
      "map_cut_10": 0.15384615384615385
    },
    "DS1-E-1049": {
      "ndcg_cut_5": 0.0,
      "ndcg_cut_10": 0.0,
      "map_cut_5": 0.0,
      "map_cut_10": 0.0
    },
    "DS1-E-1050": {
      "ndcg_cut_5": 0.0,
      "ndcg_cut_10": 0.0,
      "map_cut_5": 0.0,
      "map_cut_10": 0.0
    },
    "DS1-E-1051": {
      "ndcg_cut_5": 0.23719771276929622,
      "ndcg_cut_10": 0.23719771276929622,
      "map_cut_5": 0.1,
      "map_cut_10": 0.1
    },
    "DS1-E-1052": {
      "ndcg_cut_5": 0.0,
      "ndcg_cut_10": 0.0,
      "map_cut_5": 0.0,