{
  "eval_config": {
    "do_filter": false,
    "link_pb_lb": 0,
    "link_pb_ub": 1,
    "rho_lb": 0,
    "rho_ub": 1,
    "len_one_check": false,
    "metadata_tokens_len_lb": 0,
    "filtered_1_start_query": false,
    "query_len_ub": 100,
    "use_fasttext_filter": false,
    "use_origin_score": false,
    "link_method": "TAGME",
    "test_collection_name": "ntcir15",
    "train_or_test": "test",
    "data_field": "metadata",
    "res_dir_name": "multi_run",
    "k": 10
  },
  "each query": {
    "DS1-E-1032": {
      "ndcg_cut_5": 0.0,
      "ndcg_cut_10": 0.0,
      "map_cut_5": 0.0,
      "map_cut_10": 0.0
    },
    "DS1-E-1020": {
      "ndcg_cut_5": 0.830419897363192,
      "ndcg_cut_10": 0.7529694065526482,
      "map_cut_5": 0.20882352941176469,
      "map_cut_10": 0.3477124183006536
    },
    "DS1-E-1016": {
      "ndcg_cut_5": 0.0,
      "ndcg_cut_10": 0.0,
      "map_cut_5": 0.0,
      "map_cut_10": 0.0
    },
    "DS1-E-1060": {
      "ndcg_cut_5": 0.44149241373678083,
      "ndcg_cut_10": 0.44149241373678083,
      "map_cut_5": 0.29166666666666663,
      "map_cut_10": 0.29166666666666663
    },
    "DS1-E-1006": {
      "ndcg_cut_5": 0.0,
      "ndcg_cut_10": 0.0,
      "map_cut_5": 0.0,
      "map_cut_10": 0.0
    },
    "DS1-E-1012": {
      "ndcg_cut_5": 0.0,
      "ndcg_cut_10": 0.0,
      "map_cut_5": 0.0,
      "map_cut_10": 0.0
    },
    "DS1-E-1027": {
      "ndcg_cut_5": 0.4468535299918563,
      "ndcg_cut_10": 0.3332594386367449,
      "map_cut_5": 0.17916666666666664,
      "map_cut_10": 0.17916666666666664
    },
    "DS1-E-1082": {
      "ndcg_cut_5": 0.0,
      "ndcg_cut_10": 0.0,
      "map_cut_5": 0.0,
      "map_cut_10": 0.0
    },
    "DS1-E-1083": {
      "ndcg_cut_5": 0.0,
      "ndcg_cut_10": 0.0,
      "map_cut_5": 0.0,
      "map_cut_10": 0.0
    },
    "DS1-E-1017": {
      "ndcg_cut_5": 0.14606834984270645,
      "ndcg_cut_10": 0.1610425878239398,
      "map_cut_5": 0.025,
      "map_cut_10": 0.04722222222222222
    },
    "DS1-E-1046": {
      "ndcg_cut_5": 0.0,
      "ndcg_cut_10": 0.0,
      "map_cut_5": 0.0,
      "map_cut_10": 0.0
    },
    "DS1-E-1005": {
      "ndcg_cut_5": 0.7227265726449519,
      "ndcg_cut_10": 0.5473983622993502,
      "map_cut_5": 0.3,
      "map_cut_10": 0.36666666666666664
    },
    "DS1-E-1040": {
      "ndcg_cut_5": 0.0,
      "ndcg_cut_10": 0.0,
      "map_cut_5": 0.0,
      "map_cut_10": 0.0
    },
    "DS1-E-1057": {
      "ndcg_cut_5": 0.6487610063876911,
      "ndcg_cut_10": 0.4620869292486371,
      "map_cut_5": 0.3333333333333333,
      "map_cut_10": 0.3333333333333333
    },
    "DS1-E-1080": {
      "ndcg_cut_5": 0.5531464700081437,
      "ndcg_cut_10": 0.5531464700081437,
      "map_cut_5": 0.4,
      "map_cut_10": 0.4
    },
    "DS1-E-1039": {
      "ndcg_cut_5": 0.0,
      "ndcg_cut_10": 0.0,
      "map_cut_5": 0.0,
      "map_cut_10": 0.0
    },
    "DS1-E-1042": {
      "ndcg_cut_5": 0.0,
      "ndcg_cut_10": 0.0,
      "map_cut_5": 0.0,
      "map_cut_10": 0.0
    },
    "DS1-E-1002": {
      "ndcg_cut_5": 0.0,
      "ndcg_cut_10": 0.0,
      "map_cut_5": 0.0,
      "map_cut_10": 0.0
    },
    "DS1-E-1068": {
      "ndcg_cut_5": 0.0,
      "ndcg_cut_10": 0.0,
      "map_cut_5": 0.0,
      "map_cut_10": 0.0
    },
    "DS1-E-1011": {
      "ndcg_cut_5": 0.6096199500078984,
      "ndcg_cut_10": 0.6096199500078984,
      "map_cut_5": 0.47916666666666663,
      "map_cut_10": 0.47916666666666663
    },
    "DS1-E-1092": {
      "ndcg_cut_5": 0.0,
      "ndcg_cut_10": 0.0,
      "map_cut_5": 0.0,
      "map_cut_10": 0.0
    },
    "DS1-E-1059": {
      "ndcg_cut_5": 0.565602538756171,
      "ndcg_cut_10": 0.7521590831599739,
      "map_cut_5": 0.2777777777777778,
      "map_cut_10": 0.5555555555555556
    },
    "DS1-E-1075": {
      "ndcg_cut_5": 0.0,
      "ndcg_cut_10": 0.07336392209936005,
      "map_cut_5": 0.0,
      "map_cut_10": 0.009523809523809523
    },
    "DS1-E-1018": {
      "ndcg_cut_5": 0.0,
      "ndcg_cut_10": 0.0,
      "map_cut_5": 0.0,
      "map_cut_10": 0.0
    },
    "DS1-E-1030": {
      "ndcg_cut_5": 0.0,
      "ndcg_cut_10": 0.0,
      "map_cut_5": 0.0,
      "map_cut_10": 0.0
    },
    "DS1-E-1093": {
      "ndcg_cut_5": 0.0,
      "ndcg_cut_10": 0.0,
      "map_cut_5": 0.0,
      "map_cut_10": 0.0
    },
    "DS1-E-1088": {
      "ndcg_cut_5": 0.8687949224876582,
      "ndcg_cut_10": 0.7034066032439746,
      "map_cut_5": 0.3333333333333333,
      "map_cut_10": 0.44841269841269843
    },
    "DS1-E-1024": {
      "ndcg_cut_5": 0.38356636737133565,
      "ndcg_cut_10": 0.2489083270225946,
      "map_cut_5": 0.09722222222222221,
      "map_cut_10": 0.09722222222222221
    },
    "DS1-E-1095": {
      "ndcg_cut_5": 0.0,
      "ndcg_cut_10": 0.0,
      "map_cut_5": 0.0,
      "map_cut_10": 0.0
    },
    "DS1-E-1065": {
      "ndcg_cut_5": 0.0,
      "ndcg_cut_10": 0.0,
      "map_cut_5": 0.0,
      "map_cut_10": 0.0
    },
    "DS1-E-1010": {
      "ndcg_cut_5": 0.12663167705327652,
      "ndcg_cut_10": 0.1544508022535714,
      "map_cut_5": 0.03333333333333333,
      "map_cut_10": 0.06666666666666667
    },
    "DS1-E-1064": {
      "ndcg_cut_5": 0.5855700749881525,
      "ndcg_cut_10": 0.838847952689218,
      "map_cut_5": 0.41666666666666663,
      "map_cut_10": 0.6488095238095237
    },
    "DS1-E-1004": {
      "ndcg_cut_5": 1.0,
      "ndcg_cut_10": 0.727329844310522,
      "map_cut_5": 0.45454545454545453,
      "map_cut_10": 0.5454545454545454
    },
    "DS1-E-1072": {
      "ndcg_cut_5": 0.3065735963827292,
      "ndcg_cut_10": 0.3065735963827292,
      "map_cut_5": 0.16666666666666666,
      "map_cut_10": 0.16666666666666666
    },
    "DS1-E-1076": {
      "ndcg_cut_5": 1.0,
      "ndcg_cut_10": 1.0,
      "map_cut_5": 1.0,
      "map_cut_10": 1.0
    },
    "DS1-E-1035": {
      "ndcg_cut_5": 0.4770382338730848,
      "ndcg_cut_10": 0.4770382338730848,
      "map_cut_5": 0.25,
      "map_cut_10": 0.25
    },
    "DS1-E-1067": {
      "ndcg_cut_5": 0.6376620562607138,
      "ndcg_cut_10": 0.5785674664309405,
      "map_cut_5": 0.19999999999999998,
      "map_cut_10": 0.2889724310776942
    },
    "DS1-E-1028": {
      "ndcg_cut_5": 0.0,
      "ndcg_cut_10": 0.0,
      "map_cut_5": 0.0,
      "map_cut_10": 0.0
    },
    "DS1-E-1038": {
      "ndcg_cut_5": 0.6508205185601091,
      "ndcg_cut_10": 0.6508205185601091,
      "map_cut_5": 0.4666666666666666,
      "map_cut_10": 0.4666666666666666
    },
    "DS1-E-1009": {
      "ndcg_cut_5": 0.0,
      "ndcg_cut_10": 0.0,
      "map_cut_5": 0.0,
      "map_cut_10": 0.0
    },
    "DS1-E-1094": {
      "ndcg_cut_5": 0.66967181649423,
      "ndcg_cut_10": 0.66967181649423,
      "map_cut_5": 0.5833333333333333,
      "map_cut_10": 0.5833333333333333
    },
    "DS1-E-1087": {
      "ndcg_cut_5": 0.46927872602275644,
      "ndcg_cut_10": 0.46927872602275644,
      "map_cut_5": 0.3333333333333333,
      "map_cut_10": 0.3333333333333333
    },
    "DS1-E-1055": {
      "ndcg_cut_5": 0.0,
      "ndcg_cut_10": 0.0,
      "map_cut_5": 0.0,
      "map_cut_10": 0.0
    },
    "DS1-E-1089": {
      "ndcg_cut_5": 0.8687949224876582,
      "ndcg_cut_10": 0.6274092458891772,
      "map_cut_5": 0.26666666666666666,
      "map_cut_10": 0.3
    },
    "DS1-E-1091": {
      "ndcg_cut_5": 0.24261427755816128,
      "ndcg_cut_10": 0.2224886890423695,
      "map_cut_5": 0.07142857142857142,
      "map_cut_10": 0.08928571428571429
    },
    "DS1-E-1062": {
      "ndcg_cut_5": 1.0,
      "ndcg_cut_10": 1.0,
      "map_cut_5": 1.0,
      "map_cut_10": 1.0
    },
    "DS1-E-1048": {
      "ndcg_cut_5": 0.4130547397016814,
      "ndcg_cut_10": 0.29420263302058774,
      "map_cut_5": 0.15384615384615385,
      "map_cut_10": 0.15384615384615385
    },
    "DS1-E-1081": {
      "ndcg_cut_5": 0.0,
      "ndcg_cut_10": 0.0,
      "map_cut_5": 0.0,
      "map_cut_10": 0.0
    },
    "DS1-E-1084": {
      "ndcg_cut_5": 0.0,
      "ndcg_cut_10": 0.0,
      "map_cut_5": 0.0,
      "map_cut_10": 0.0
    },