{
  "each query": {
    "DS1-E-1001": {
      "ndcg_cut_5": 0.0,
      "ndcg_cut_10": 0.0,
      "map_cut_5": 0.0,
      "map_cut_10": 0.0
    },
    "DS1-E-1002": {
      "ndcg_cut_5": 0.0,
      "ndcg_cut_10": 0.0,
      "map_cut_5": 0.0,
      "map_cut_10": 0.0
    },
    "DS1-E-1003": {
      "ndcg_cut_5": 0.0,
      "ndcg_cut_10": 0.0,
      "map_cut_5": 0.0,
      "map_cut_10": 0.0
    },
    "DS1-E-1004": {
      "ndcg_cut_5": 1.0,
      "ndcg_cut_10": 0.7222954974312066,
      "map_cut_5": 0.45454545454545453,
      "map_cut_10": 0.5324675324675324
    },
    "DS1-E-1005": {
      "ndcg_cut_5": 0.6992148198508501,
      "ndcg_cut_10": 0.5173633627401372,
      "map_cut_5": 0.275,
      "map_cut_10": 0.315
    },
    "DS1-E-1006": {
      "ndcg_cut_5": 0.0,
      "ndcg_cut_10": 0.0,
      "map_cut_5": 0.0,
      "map_cut_10": 0.0
    },
    "DS1-E-1007": {
      "ndcg_cut_5": 0.0,
      "ndcg_cut_10": 0.0,
      "map_cut_5": 0.0,
      "map_cut_10": 0.0
    },
    "DS1-E-1008": {
      "ndcg_cut_5": 0.0,
      "ndcg_cut_10": 0.0,
      "map_cut_5": 0.0,
      "map_cut_10": 0.0
    },
    "DS1-E-1009": {
      "ndcg_cut_5": 0.0,
      "ndcg_cut_10": 0.0,
      "map_cut_5": 0.0,
      "map_cut_10": 0.0
    },
    "DS1-E-1010": {
      "ndcg_cut_5": 0.26886597522786154,
      "ndcg_cut_10": 0.19150265143746756,
      "map_cut_5": 0.1,
      "map_cut_10": 0.1
    },
    "DS1-E-1011": {
      "ndcg_cut_5": 0.5143371794949736,
      "ndcg_cut_10": 0.5143371794949736,
      "map_cut_5": 0.3583333333333333,
      "map_cut_10": 0.3583333333333333
    },
    "DS1-E-1012": {
      "ndcg_cut_5": 0.0,
      "ndcg_cut_10": 0.0,
      "map_cut_5": 0.0,
      "map_cut_10": 0.0
    },
    "DS1-E-1013": {
      "ndcg_cut_5": 0.0,
      "ndcg_cut_10": 0.0,
      "map_cut_5": 0.0,
      "map_cut_10": 0.0
    },
    "DS1-E-1014": {
      "ndcg_cut_5": 0.0,
      "ndcg_cut_10": 0.0,
      "map_cut_5": 0.0,
      "map_cut_10": 0.0
    },
    "DS1-E-1015": {
      "ndcg_cut_5": 0.0,
      "ndcg_cut_10": 0.0,
      "map_cut_5": 0.0,
      "map_cut_10": 0.0
    },
    "DS1-E-1016": {
      "ndcg_cut_5": 0.0,
      "ndcg_cut_10": 0.0,
      "map_cut_5": 0.0,
      "map_cut_10": 0.0
    },
    "DS1-E-1017": {
      "ndcg_cut_5": 0.34519134224686937,
      "ndcg_cut_10": 0.22400556151517553,
      "map_cut_5": 0.09,
      "map_cut_10": 0.09
    },
    "DS1-E-1018": {
      "ndcg_cut_5": 0.0,
      "ndcg_cut_10": 0.0,
      "map_cut_5": 0.0,
      "map_cut_10": 0.0
    },
    "DS1-E-1019": {
      "ndcg_cut_5": 0.5531464700081437,
      "ndcg_cut_10": 0.3589542101716347,
      "map_cut_5": 0.18181818181818182,
      "map_cut_10": 0.18181818181818182
    },
    "DS1-E-1020": {
      "ndcg_cut_5": 0.6992148198508501,
      "ndcg_cut_10": 0.7385567757549499,
      "map_cut_5": 0.16176470588235295,
      "map_cut_10": 0.32829131652661064
    },
    "DS1-E-1021": {
      "ndcg_cut_5": 0.0,
      "ndcg_cut_10": 0.0,
      "map_cut_5": 0.0,
      "map_cut_10": 0.0
    },
    "DS1-E-1022": {
      "ndcg_cut_5": 0.0,
      "ndcg_cut_10": 0.0,
      "map_cut_5": 0.0,
      "map_cut_10": 0.0
    },
    "DS1-E-1023": {
      "ndcg_cut_5": 0.4468535299918563,
      "ndcg_cut_10": 0.5874682201074465,
      "map_cut_5": 0.17916666666666664,
      "map_cut_10": 0.44553571428571426
    },
    "DS1-E-1024": {
      "ndcg_cut_5": 0.48522855511632257,
      "ndcg_cut_10": 0.31488013066763093,
      "map_cut_5": 0.125,
      "map_cut_10": 0.125
    },
    "DS1-E-1025": {
      "ndcg_cut_5": 0.6548086577531307,
      "ndcg_cut_10": 0.6313419460517601,
      "map_cut_5": 0.10507246376811594,
      "map_cut_10": 0.18317805383022773
    },
    "DS1-E-1026": {
      "ndcg_cut_5": 0.0,
      "ndcg_cut_10": 0.0,
      "map_cut_5": 0.0,
      "map_cut_10": 0.0
    },
    "DS1-E-1027": {
      "ndcg_cut_5": 0.5087403079104241,
      "ndcg_cut_10": 0.4695140628038533,
      "map_cut_5": 0.20833333333333331,
      "map_cut_10": 0.2708333333333333
    },
    "DS1-E-1028": {
      "ndcg_cut_5": 0.0,
      "ndcg_cut_10": 0.0,
      "map_cut_5": 0.0,
      "map_cut_10": 0.0
    },
    "DS1-E-1029": {
      "ndcg_cut_5": 0.31939394323979897,
      "ndcg_cut_10": 0.31939394323979897,
      "map_cut_5": 0.1111111111111111,
      "map_cut_10": 0.1111111111111111
    },
    "DS1-E-1030": {
      "ndcg_cut_5": 0.0,
      "ndcg_cut_10": 0.0,
      "map_cut_5": 0.0,
      "map_cut_10": 0.0
    },
    "DS1-E-1031": {
      "ndcg_cut_5": 0.38685280723454163,
      "ndcg_cut_10": 0.38685280723454163,
      "map_cut_5": 0.25,
      "map_cut_10": 0.25
    },
    "DS1-E-1032": {
      "ndcg_cut_5": 0.0,
      "ndcg_cut_10": 0.0,
      "map_cut_5": 0.0,
      "map_cut_10": 0.0
    },
    "DS1-E-1033": {
      "ndcg_cut_5": 0.0,
      "ndcg_cut_10": 0.0,
      "map_cut_5": 0.0,
      "map_cut_10": 0.0
    },
    "DS1-E-1034": {
      "ndcg_cut_5": 0.0,
      "ndcg_cut_10": 0.0,
      "map_cut_5": 0.0,
      "map_cut_10": 0.0
    },
    "DS1-E-1035": {
      "ndcg_cut_5": 0.2385191169365424,
      "ndcg_cut_10": 0.2385191169365424,
      "map_cut_5": 0.08333333333333333,
      "map_cut_10": 0.08333333333333333
    },
    "DS1-E-1036": {
      "ndcg_cut_5": 0.0,
      "ndcg_cut_10": 0.0,
      "map_cut_5": 0.0,
      "map_cut_10": 0.0
    },
    "DS1-E-1037": {
      "ndcg_cut_5": 0.0,
      "ndcg_cut_10": 0.0,
      "map_cut_5": 0.0,
      "map_cut_10": 0.0
    },
    "DS1-E-1038": {
      "ndcg_cut_5": 0.49818925746641285,
      "ndcg_cut_10": 0.49818925746641285,
      "map_cut_5": 0.3333333333333333,
      "map_cut_10": 0.3333333333333333
    },
    "DS1-E-1039": {
      "ndcg_cut_5": 0.0,
      "ndcg_cut_10": 0.0,
      "map_cut_5": 0.0,
      "map_cut_10": 0.0
    },
    "DS1-E-1040": {
      "ndcg_cut_5": 0.0,
      "ndcg_cut_10": 0.0,
      "map_cut_5": 0.0,
      "map_cut_10": 0.0
    },
    "DS1-E-1041": {
      "ndcg_cut_5": 0.0,
      "ndcg_cut_10": 0.0,
      "map_cut_5": 0.0,
      "map_cut_10": 0.0
    },
    "DS1-E-1042": {
      "ndcg_cut_5": 0.0,
      "ndcg_cut_10": 0.0,
      "map_cut_5": 0.0,
      "map_cut_10": 0.0
    },
    "DS1-E-1043": {
      "ndcg_cut_5": 0.0,
      "ndcg_cut_10": 0.0,
      "map_cut_5": 0.0,
      "map_cut_10": 0.0
    },
    "DS1-E-1044": {
      "ndcg_cut_5": 1.0,
      "ndcg_cut_10": 1.0,
      "map_cut_5": 1.0,
      "map_cut_10": 1.0
    },
    "DS1-E-1045": {
      "ndcg_cut_5": 0.0,
      "ndcg_cut_10": 0.0,
      "map_cut_5": 0.0,
      "map_cut_10": 0.0
    },
    "DS1-E-1046": {
      "ndcg_cut_5": 0.0,
      "ndcg_cut_10": 0.0,
      "map_cut_5": 0.0,
      "map_cut_10": 0.0
    },
    "DS1-E-1047": {
      "ndcg_cut_5": 0.0,
      "ndcg_cut_10": 0.0,
      "map_cut_5": 0.0,
      "map_cut_10": 0.0
    },
    "DS1-E-1048": {
      "ndcg_cut_5": 0.4130547397016814,
      "ndcg_cut_10": 0.29420263302058774,
      "map_cut_5": 0.15384615384615385,
      "map_cut_10": 0.15384615384615385
    },
    "DS1-E-1049": {
      "ndcg_cut_5": 0.0,
      "ndcg_cut_10": 0.0,
      "map_cut_5": 0.0,
      "map_cut_10": 0.0
    },
    "DS1-E-1050": {
      "ndcg_cut_5": 0.0,
      "ndcg_cut_10": 0.0,
      "map_cut_5": 0.0,
      "map_cut_10": 0.0
    },
    "DS1-E-1051": {
      "ndcg_cut_5": 0.38685280723454163,
      "ndcg_cut_10": 0.38685280723454163,
      "map_cut_5": 0.25,
      "map_cut_10": 0.25
    },
    "DS1-E-1052": {
      "ndcg_cut_5": 0.0,
      "ndcg_cut_10": 0.0,
      "map_cut_5": 0.0,
      "map_cut_10": 0.0
    },
    "DS1-E-1053": {
      "ndcg_cut_5": 0.0,
      "ndcg_cut_10": 0.0,
      "map_cut_5": 0.0,
      "map_cut_10": 0.0
    },
    "DS1-E-1054": {
      "ndcg_cut_5": 0.3903800499921017,
      "ndcg_cut_10": 0.3903800499921017,
      "map_cut_5": 0.25,
      "map_cut_10": 0.25
    },
    "DS1-E-1055": {
      "ndcg_cut_5": 0.0,
      "ndcg_cut_10": 0.0,
      "map_cut_5": 0.0,
      "map_cut_10": 0.0
    },
    "DS1-E-1056": {
      "ndcg_cut_5": 1.0,
      "ndcg_cut_10": 0.8630152897016883,
      "map_cut_5": 0.45454545454545453,