{
  "each query": {
    "DS1-E-1001": {
      "ndcg_cut_5": 0.0,
      "ndcg_cut_10": 0.0,
      "map_cut_5": 0.0,
      "map_cut_10": 0.0
    },
    "DS1-E-1002": {
      "ndcg_cut_5": 0.0,
      "ndcg_cut_10": 0.0,
      "map_cut_5": 0.0,
      "map_cut_10": 0.0
    },
    "DS1-E-1003": {
      "ndcg_cut_5": 0.0,
      "ndcg_cut_10": 0.0,
      "map_cut_5": 0.0,
      "map_cut_10": 0.0
    },
    "DS1-E-1004": {
      "ndcg_cut_5": 1.0,
      "ndcg_cut_10": 0.7222954974312066,
      "map_cut_5": 0.45454545454545453,
      "map_cut_10": 0.5324675324675324
    },
    "DS1-E-1005": {
      "ndcg_cut_5": 0.7227265726449519,
      "ndcg_cut_10": 0.5352543167750639,
      "map_cut_5": 0.3,
      "map_cut_10": 0.34444444444444444
    },
    "DS1-E-1006": {
      "ndcg_cut_5": 0.0,
      "ndcg_cut_10": 0.0,
      "map_cut_5": 0.0,
      "map_cut_10": 0.0
    },
    "DS1-E-1007": {
      "ndcg_cut_5": 0.0,
      "ndcg_cut_10": 0.0,
      "map_cut_5": 0.0,
      "map_cut_10": 0.0
    },
    "DS1-E-1008": {
      "ndcg_cut_5": 0.0,
      "ndcg_cut_10": 0.0,
      "map_cut_5": 0.0,
      "map_cut_10": 0.0
    },
    "DS1-E-1009": {
      "ndcg_cut_5": 0.0,
      "ndcg_cut_10": 0.0,
      "map_cut_5": 0.0,
      "map_cut_10": 0.0
    },
    "DS1-E-1010": {
      "ndcg_cut_5": 0.12663167705327652,
      "ndcg_cut_10": 0.1544508022535714,
      "map_cut_5": 0.03333333333333333,
      "map_cut_10": 0.06666666666666667
    },
    "DS1-E-1011": {
      "ndcg_cut_5": 0.36331756126716835,
      "ndcg_cut_10": 0.502373740777944,
      "map_cut_5": 0.20833333333333331,
      "map_cut_10": 0.3333333333333333
    },
    "DS1-E-1012": {
      "ndcg_cut_5": 0.0,
      "ndcg_cut_10": 0.0,
      "map_cut_5": 0.0,
      "map_cut_10": 0.0
    },
    "DS1-E-1013": {
      "ndcg_cut_5": 0.0,
      "ndcg_cut_10": 0.0,
      "map_cut_5": 0.0,
      "map_cut_10": 0.0
    },
    "DS1-E-1014": {
      "ndcg_cut_5": 0.0,
      "ndcg_cut_10": 0.0,
      "map_cut_5": 0.0,
      "map_cut_10": 0.0
    },
    "DS1-E-1015": {
      "ndcg_cut_5": 0.0,
      "ndcg_cut_10": 0.0,
      "map_cut_5": 0.0,
      "map_cut_10": 0.0
    },
    "DS1-E-1016": {
      "ndcg_cut_5": 0.0,
      "ndcg_cut_10": 0.0,
      "map_cut_5": 0.0,
      "map_cut_10": 0.0
    },
    "DS1-E-1017": {
      "ndcg_cut_5": 0.5087403079104241,
      "ndcg_cut_10": 0.33013764944712026,
      "map_cut_5": 0.16666666666666666,
      "map_cut_10": 0.16666666666666666
    },
    "DS1-E-1018": {
      "ndcg_cut_5": 0.0,
      "ndcg_cut_10": 0.0,
      "map_cut_5": 0.0,
      "map_cut_10": 0.0
    },
    "DS1-E-1019": {
      "ndcg_cut_5": 0.38356636737133565,
      "ndcg_cut_10": 0.2489083270225946,
      "map_cut_5": 0.10606060606060605,
      "map_cut_10": 0.10606060606060605
    },
    "DS1-E-1020": {
      "ndcg_cut_5": 0.6548086577531307,
      "ndcg_cut_10": 0.6975961695061491,
      "map_cut_5": 0.14215686274509803,
      "map_cut_10": 0.29292717086834735
    },
    "DS1-E-1021": {
      "ndcg_cut_5": 0.0,
      "ndcg_cut_10": 0.0,
      "map_cut_5": 0.0,
      "map_cut_10": 0.0
    },
    "DS1-E-1022": {
      "ndcg_cut_5": 0.0,
      "ndcg_cut_10": 0.0,
      "map_cut_5": 0.0,
      "map_cut_10": 0.0
    },
    "DS1-E-1023": {
      "ndcg_cut_5": 0.4468535299918563,
      "ndcg_cut_10": 0.5838170222623819,
      "map_cut_5": 0.17916666666666664,
      "map_cut_10": 0.43511904761904757
    },
    "DS1-E-1024": {
      "ndcg_cut_5": 0.4703652827859579,
      "ndcg_cut_10": 0.30523488393970116,
      "map_cut_5": 0.11666666666666665,
      "map_cut_10": 0.11666666666666665
    },
    "DS1-E-1025": {
      "ndcg_cut_5": 0.7860137352654724,
      "ndcg_cut_10": 0.6470538417566039,
      "map_cut_5": 0.13985507246376813,
      "map_cut_10": 0.19699792960662527
    },
    "DS1-E-1026": {
      "ndcg_cut_5": 0.0,
      "ndcg_cut_10": 0.0,
      "map_cut_5": 0.0,
      "map_cut_10": 0.0
    },
    "DS1-E-1027": {
      "ndcg_cut_5": 0.6548086577531307,
      "ndcg_cut_10": 0.48835054676924156,
      "map_cut_5": 0.3020833333333333,
      "map_cut_10": 0.3020833333333333
    },
    "DS1-E-1028": {
      "ndcg_cut_5": 0.0,
      "ndcg_cut_10": 0.0,
      "map_cut_5": 0.0,
      "map_cut_10": 0.0
    },
    "DS1-E-1029": {
      "ndcg_cut_5": 0.24711688711205218,
      "ndcg_cut_10": 0.24711688711205218,
      "map_cut_5": 0.06666666666666667,
      "map_cut_10": 0.06666666666666667
    },
    "DS1-E-1030": {
      "ndcg_cut_5": 0.0,
      "ndcg_cut_10": 0.0,
      "map_cut_5": 0.0,
      "map_cut_10": 0.0
    },
    "DS1-E-1031": {
      "ndcg_cut_5": 0.38685280723454163,
      "ndcg_cut_10": 0.38685280723454163,
      "map_cut_5": 0.25,
      "map_cut_10": 0.25
    },
    "DS1-E-1032": {
      "ndcg_cut_5": 0.0,
      "ndcg_cut_10": 0.0,
      "map_cut_5": 0.0,
      "map_cut_10": 0.0
    },
    "DS1-E-1033": {
      "ndcg_cut_5": 0.0,
      "ndcg_cut_10": 0.0,
      "map_cut_5": 0.0,
      "map_cut_10": 0.0
    },
    "DS1-E-1034": {
      "ndcg_cut_5": 0.0,
      "ndcg_cut_10": 0.0,
      "map_cut_5": 0.0,
      "map_cut_10": 0.0
    },
    "DS1-E-1035": {
      "ndcg_cut_5": 0.2385191169365424,
      "ndcg_cut_10": 0.2385191169365424,
      "map_cut_5": 0.08333333333333333,
      "map_cut_10": 0.08333333333333333
    },
    "DS1-E-1036": {
      "ndcg_cut_5": 0.0,
      "ndcg_cut_10": 0.0,
      "map_cut_5": 0.0,
      "map_cut_10": 0.0
    },
    "DS1-E-1037": {
      "ndcg_cut_5": 0.0,
      "ndcg_cut_10": 0.0,
      "map_cut_5": 0.0,
      "map_cut_10": 0.0
    },
    "DS1-E-1038": {
      "ndcg_cut_5": 0.49818925746641285,
      "ndcg_cut_10": 0.49818925746641285,
      "map_cut_5": 0.3333333333333333,
      "map_cut_10": 0.3333333333333333
    },
    "DS1-E-1039": {
      "ndcg_cut_5": 0.0,
      "ndcg_cut_10": 0.0,
      "map_cut_5": 0.0,
      "map_cut_10": 0.0
    },
    "DS1-E-1040": {
      "ndcg_cut_5": 0.0,
      "ndcg_cut_10": 0.0,
      "map_cut_5": 0.0,
      "map_cut_10": 0.0
    },
    "DS1-E-1041": {
      "ndcg_cut_5": 0.0,
      "ndcg_cut_10": 0.0,
      "map_cut_5": 0.0,
      "map_cut_10": 0.0
    },
    "DS1-E-1042": {
      "ndcg_cut_5": 0.0,
      "ndcg_cut_10": 0.0,
      "map_cut_5": 0.0,
      "map_cut_10": 0.0
    },
    "DS1-E-1043": {
      "ndcg_cut_5": 0.0,
      "ndcg_cut_10": 0.0,
      "map_cut_5": 0.0,
      "map_cut_10": 0.0
    },
    "DS1-E-1044": {
      "ndcg_cut_5": 1.0,
      "ndcg_cut_10": 1.0,
      "map_cut_5": 1.0,
      "map_cut_10": 1.0
    },
    "DS1-E-1045": {
      "ndcg_cut_5": 0.0,
      "ndcg_cut_10": 0.0,
      "map_cut_5": 0.0,
      "map_cut_10": 0.0
    },
    "DS1-E-1046": {
      "ndcg_cut_5": 0.0,
      "ndcg_cut_10": 0.0,
      "map_cut_5": 0.0,
      "map_cut_10": 0.0
    },
    "DS1-E-1047": {
      "ndcg_cut_5": 0.0,
      "ndcg_cut_10": 0.0,
      "map_cut_5": 0.0,
      "map_cut_10": 0.0
    },
    "DS1-E-1048": {
      "ndcg_cut_5": 0.4130547397016814,
      "ndcg_cut_10": 0.29420263302058774,
      "map_cut_5": 0.15384615384615385,
      "map_cut_10": 0.15384615384615385
    },
    "DS1-E-1049": {
      "ndcg_cut_5": 0.0,
      "ndcg_cut_10": 0.0,
      "map_cut_5": 0.0,
      "map_cut_10": 0.0
    },
    "DS1-E-1050": {
      "ndcg_cut_5": 0.0,
      "ndcg_cut_10": 0.0,
      "map_cut_5": 0.0,
      "map_cut_10": 0.0
    },
    "DS1-E-1051": {
      "ndcg_cut_5": 0.38685280723454163,
      "ndcg_cut_10": 0.38685280723454163,
      "map_cut_5": 0.25,
      "map_cut_10": 0.25
    },
    "DS1-E-1052": {
      "ndcg_cut_5": 0.0,
      "ndcg_cut_10": 0.0,
      "map_cut_5": 0.0,
      "map_cut_10": 0.0
    },
    "DS1-E-1053": {
      "ndcg_cut_5": 0.0,
      "ndcg_cut_10": 0.0,
      "map_cut_5": 0.0,
      "map_cut_10": 0.0
    },
    "DS1-E-1054": {
      "ndcg_cut_5": 0.3903800499921017,
      "ndcg_cut_10": 0.3903800499921017,
      "map_cut_5": 0.25,
      "map_cut_10": 0.25
    },
    "DS1-E-1055": {
      "ndcg_cut_5": 0.0,
      "ndcg_cut_10": 0.0,
      "map_cut_5": 0.0,
      "map_cut_10": 0.0
    },
    "DS1-E-1056": {
      "ndcg_cut_5": 1.0,