{
  "eval_config": {
    "do_filter": false,
    "link_pb_lb": 0,
    "link_pb_ub": 1,
    "rho_lb": 0,
    "rho_ub": 1,
    "len_one_check": false,
    "metadata_tokens_len_lb": 0,
    "filtered_1_start_query": false,
    "query_len_ub": 100,
    "use_fasttext_filter": false,
    "use_origin_score": false,
    "link_method": "TAGME",
    "test_collection_name": "ntcir15",
    "train_or_test": "test",
    "data_field": "metadata",
    "res_dir_name": "multi_run",
    "k": 10
  },
  "each query": {
    "DS1-E-1001": {
      "ndcg_cut_5": 0.0,
      "ndcg_cut_10": 0.0,
      "map_cut_5": 0.0,
      "map_cut_10": 0.0
    },
    "DS1-E-1002": {
      "ndcg_cut_5": 0.0,
      "ndcg_cut_10": 0.0,
      "map_cut_5": 0.0,
      "map_cut_10": 0.0
    },
    "DS1-E-1003": {
      "ndcg_cut_5": 0.0,
      "ndcg_cut_10": 0.0,
      "map_cut_5": 0.0,
      "map_cut_10": 0.0
    },
    "DS1-E-1004": {
      "ndcg_cut_5": 1.0,
      "ndcg_cut_10": 0.727329844310522,
      "map_cut_5": 0.45454545454545453,
      "map_cut_10": 0.5454545454545454
    },
    "DS1-E-1005": {
      "ndcg_cut_5": 0.34519134224686937,
      "ndcg_cut_10": 0.3636237070689246,
      "map_cut_5": 0.09,
      "map_cut_10": 0.1773015873015873
    },
    "DS1-E-1006": {
      "ndcg_cut_5": 0.0,
      "ndcg_cut_10": 0.0,
      "map_cut_5": 0.0,
      "map_cut_10": 0.0
    },
    "DS1-E-1007": {
      "ndcg_cut_5": 0.0,
      "ndcg_cut_10": 0.0,
      "map_cut_5": 0.0,
      "map_cut_10": 0.0
    },
    "DS1-E-1008": {
      "ndcg_cut_5": 0.0,
      "ndcg_cut_10": 0.0,
      "map_cut_5": 0.0,
      "map_cut_10": 0.0
    },
    "DS1-E-1009": {
      "ndcg_cut_5": 0.0,
      "ndcg_cut_10": 0.0,
      "map_cut_5": 0.0,
      "map_cut_10": 0.0
    },
    "DS1-E-1010": {
      "ndcg_cut_5": 0.2577670251008841,
      "ndcg_cut_10": 0.18359730612299605,
      "map_cut_5": 0.09,
      "map_cut_10": 0.09
    },
    "DS1-E-1011": {
      "ndcg_cut_5": 0.8318724637288826,
      "ndcg_cut_10": 0.8318724637288826,
      "map_cut_5": 0.75,
      "map_cut_10": 0.75
    },
    "DS1-E-1012": {
      "ndcg_cut_5": 0.0,
      "ndcg_cut_10": 0.0,
      "map_cut_5": 0.0,
      "map_cut_10": 0.0
    },
    "DS1-E-1013": {
      "ndcg_cut_5": 0.0,
      "ndcg_cut_10": 0.0,
      "map_cut_5": 0.0,
      "map_cut_10": 0.0
    },
    "DS1-E-1014": {
      "ndcg_cut_5": 0.0,
      "ndcg_cut_10": 0.0,
      "map_cut_5": 0.0,
      "map_cut_10": 0.0
    },
    "DS1-E-1015": {
      "ndcg_cut_5": 0.0,
      "ndcg_cut_10": 0.0,
      "map_cut_5": 0.0,
      "map_cut_10": 0.0
    },
    "DS1-E-1016": {
      "ndcg_cut_5": 0.0,
      "ndcg_cut_10": 0.0,
      "map_cut_5": 0.0,
      "map_cut_10": 0.0
    },
    "DS1-E-1017": {
      "ndcg_cut_5": 0.21398626473452756,
      "ndcg_cut_10": 0.2051166673279436,
      "map_cut_5": 0.05,
      "map_cut_10": 0.07222222222222222
    },
    "DS1-E-1018": {
      "ndcg_cut_5": 0.0,
      "ndcg_cut_10": 0.0,
      "map_cut_5": 0.0,
      "map_cut_10": 0.0
    },
    "DS1-E-1019": {
      "ndcg_cut_5": 0.38356636737133565,
      "ndcg_cut_10": 0.2489083270225946,
      "map_cut_5": 0.10606060606060605,
      "map_cut_10": 0.10606060606060605
    },
    "DS1-E-1020": {
      "ndcg_cut_5": 0.7227265726449519,
      "ndcg_cut_10": 0.7467045958894682,
      "map_cut_5": 0.17647058823529413,
      "map_cut_10": 0.33284313725490194
    },
    "DS1-E-1021": {
      "ndcg_cut_5": 0.0,
      "ndcg_cut_10": 0.0,
      "map_cut_5": 0.0,
      "map_cut_10": 0.0
    },
    "DS1-E-1022": {
      "ndcg_cut_5": 0.0,
      "ndcg_cut_10": 0.0,
      "map_cut_5": 0.0,
      "map_cut_10": 0.0
    },
    "DS1-E-1023": {
      "ndcg_cut_5": 0.6164336326286644,
      "ndcg_cut_10": 0.6990909778342346,
      "map_cut_5": 0.2625,
      "map_cut_10": 0.49027777777777776
    },
    "DS1-E-1024": {
      "ndcg_cut_5": 0.5087403079104241,
      "ndcg_cut_10": 0.33013764944712026,
      "map_cut_5": 0.13888888888888887,
      "map_cut_10": 0.13888888888888887
    },
    "DS1-E-1025": {
      "ndcg_cut_5": 0.5147714448836774,
      "ndcg_cut_10": 0.55206785919664,
      "map_cut_5": 0.07681159420289854,
      "map_cut_10": 0.1658385093167702
    },
    "DS1-E-1026": {
      "ndcg_cut_5": 0.0,
      "ndcg_cut_10": 0.0,
      "map_cut_5": 0.0,
      "map_cut_10": 0.0
    },
    "DS1-E-1027": {
      "ndcg_cut_5": 0.639945385422766,
      "ndcg_cut_10": 0.4772656487866461,
      "map_cut_5": 0.2833333333333333,
      "map_cut_10": 0.2833333333333333
    },
    "DS1-E-1028": {
      "ndcg_cut_5": 0.0,
      "ndcg_cut_10": 0.0,
      "map_cut_5": 0.0,
      "map_cut_10": 0.0
    },
    "DS1-E-1029": {
      "ndcg_cut_5": 0.6387878864795979,
      "ndcg_cut_10": 0.6387878864795979,
      "map_cut_5": 0.3333333333333333,
      "map_cut_10": 0.3333333333333333
    },
    "DS1-E-1030": {
      "ndcg_cut_5": 0.0,
      "ndcg_cut_10": 0.0,
      "map_cut_5": 0.0,
      "map_cut_10": 0.0
    },
    "DS1-E-1031": {
      "ndcg_cut_5": 0.6131471927654584,
      "ndcg_cut_10": 0.6131471927654584,
      "map_cut_5": 0.5,
      "map_cut_10": 0.5
    },
    "DS1-E-1032": {
      "ndcg_cut_5": 0.0,
      "ndcg_cut_10": 0.0,
      "map_cut_5": 0.0,
      "map_cut_10": 0.0
    },
    "DS1-E-1033": {
      "ndcg_cut_5": 0.0,
      "ndcg_cut_10": 0.0,
      "map_cut_5": 0.0,
      "map_cut_10": 0.0
    },
    "DS1-E-1034": {
      "ndcg_cut_5": 0.0,
      "ndcg_cut_10": 0.0,
      "map_cut_5": 0.0,
      "map_cut_10": 0.0
    },
    "DS1-E-1035": {
      "ndcg_cut_5": 0.4770382338730848,
      "ndcg_cut_10": 0.4770382338730848,
      "map_cut_5": 0.25,
      "map_cut_10": 0.25
    },
    "DS1-E-1036": {
      "ndcg_cut_5": 0.0,
      "ndcg_cut_10": 0.0,
      "map_cut_5": 0.0,
      "map_cut_10": 0.0
    },
    "DS1-E-1037": {
      "ndcg_cut_5": 0.0,
      "ndcg_cut_10": 0.0,
      "map_cut_5": 0.0,
      "map_cut_10": 0.0
    },
    "DS1-E-1038": {
      "ndcg_cut_5": 0.7653606369886217,
      "ndcg_cut_10": 0.7653606369886217,
      "map_cut_5": 0.6666666666666666,
      "map_cut_10": 0.6666666666666666
    },
    "DS1-E-1039": {
      "ndcg_cut_5": 0.0,
      "ndcg_cut_10": 0.0,
      "map_cut_5": 0.0,
      "map_cut_10": 0.0
    },
    "DS1-E-1040": {
      "ndcg_cut_5": 0.0,
      "ndcg_cut_10": 0.0,
      "map_cut_5": 0.0,
      "map_cut_10": 0.0
    },
    "DS1-E-1041": {
      "ndcg_cut_5": 0.0,
      "ndcg_cut_10": 0.0,
      "map_cut_5": 0.0,
      "map_cut_10": 0.0
    },
    "DS1-E-1042": {
      "ndcg_cut_5": 0.0,
      "ndcg_cut_10": 0.0,
      "map_cut_5": 0.0,
      "map_cut_10": 0.0
    },
    "DS1-E-1043": {
      "ndcg_cut_5": 0.0,
      "ndcg_cut_10": 0.0,
      "map_cut_5": 0.0,
      "map_cut_10": 0.0
    },
    "DS1-E-1044": {
      "ndcg_cut_5": 1.0,
      "ndcg_cut_10": 1.0,
      "map_cut_5": 1.0,
      "map_cut_10": 1.0
    },
    "DS1-E-1045": {
      "ndcg_cut_5": 0.0,
      "ndcg_cut_10": 0.0,
      "map_cut_5": 0.0,
      "map_cut_10": 0.0
    },
    "DS1-E-1046": {
      "ndcg_cut_5": 0.0,
      "ndcg_cut_10": 0.0,
      "map_cut_5": 0.0,
      "map_cut_10": 0.0
    },
    "DS1-E-1047": {
      "ndcg_cut_5": 0.0,
      "ndcg_cut_10": 0.0,
      "map_cut_5": 0.0,
      "map_cut_10": 0.0
    },
    "DS1-E-1048": {
      "ndcg_cut_5": 0.4130547397016814,
      "ndcg_cut_10": 0.29420263302058774,
      "map_cut_5": 0.15384615384615385,
      "map_cut_10": 0.15384615384615385
    },
    "DS1-E-1049": {
      "ndcg_cut_5": 0.0,
      "ndcg_cut_10": 0.0,
      "map_cut_5": 0.0,
      "map_cut_10": 0.0
    },
    "DS1-E-1050": {
      "ndcg_cut_5": 0.0,
      "ndcg_cut_10": 0.0,
      "map_cut_5": 0.0,
      "map_cut_10": 0.0
    },
    "DS1-E-1051": {
      "ndcg_cut_5": 0.3065735963827292,
      "ndcg_cut_10": 0.3065735963827292,
      "map_cut_5": 0.16666666666666666,
      "map_cut_10": 0.16666666666666666
    },
    "DS1-E-1052": {
      "ndcg_cut_5": 0.0,
      "ndcg_cut_10": 0.0,
      "map_cut_5": 0.0,
      "map_cut_10": 0.0
    },
    "DS1-E-1053": {
      "ndcg_cut_5": 0.0,
      "ndcg_cut_10": 0.0,