{
  "eval_config": {
    "do_filter": false,
    "link_pb_lb": 0,
    "link_pb_ub": 1,
    "rho_lb": 0,
    "rho_ub": 1,
    "len_one_check": false,
    "metadata_tokens_len_lb": 0,
    "filtered_1_start_query": false,
    "query_len_ub": 100,
    "use_fasttext_filter": false,
    "use_origin_score": false,
    "link_method": "TAGME",
    "test_collection_name": "ntcir15",
    "train_or_test": "test",
    "data_field": "metadata",
    "res_dir_name": "multi_run",
    "k": 10
  },
  "each query": {
    "DS1-E-1066": {
      "ndcg_cut_5": 0.6366824387328317,
      "ndcg_cut_10": 0.6366824387328317,
      "map_cut_5": 0.5,
      "map_cut_10": 0.5
    },
    "DS1-E-1036": {
      "ndcg_cut_5": 0.0,
      "ndcg_cut_10": 0.0,
      "map_cut_5": 0.0,
      "map_cut_10": 0.0
    },
    "DS1-E-1052": {
      "ndcg_cut_5": 0.0,
      "ndcg_cut_10": 0.0,
      "map_cut_5": 0.0,
      "map_cut_10": 0.0
    },
    "DS1-E-1080": {
      "ndcg_cut_5": 0.48522855511632257,
      "ndcg_cut_10": 0.48522855511632257,
      "map_cut_5": 0.3,
      "map_cut_10": 0.3
    },
    "DS1-E-1030": {
      "ndcg_cut_5": 0.0,
      "ndcg_cut_10": 0.0,
      "map_cut_5": 0.0,
      "map_cut_10": 0.0
    },
    "DS1-E-1020": {
      "ndcg_cut_5": 0.4468535299918563,
      "ndcg_cut_10": 0.5626475208496899,
      "map_cut_5": 0.08431372549019607,
      "map_cut_10": 0.23508403361344535
    },
    "DS1-E-1031": {
      "ndcg_cut_5": 0.6131471927654584,
      "ndcg_cut_10": 0.6131471927654584,
      "map_cut_5": 0.5,
      "map_cut_10": 0.5
    },
    "DS1-E-1060": {
      "ndcg_cut_5": 0.44149241373678083,
      "ndcg_cut_10": 0.44149241373678083,
      "map_cut_5": 0.29166666666666663,
      "map_cut_10": 0.29166666666666663
    },
    "DS1-E-1082": {
      "ndcg_cut_5": 0.0,
      "ndcg_cut_10": 0.0,
      "map_cut_5": 0.0,
      "map_cut_10": 0.0
    },
    "DS1-E-1026": {
      "ndcg_cut_5": 0.0,
      "ndcg_cut_10": 0.0,
      "map_cut_5": 0.0,
      "map_cut_10": 0.0
    },
    "DS1-E-1090": {
      "ndcg_cut_5": 0.0,
      "ndcg_cut_10": 0.0,
      "map_cut_5": 0.0,
      "map_cut_10": 0.0
    },
    "DS1-E-1088": {
      "ndcg_cut_5": 0.6843515475204855,
      "ndcg_cut_10": 0.6621137423456802,
      "map_cut_5": 0.21666666666666667,
      "map_cut_10": 0.3873015873015873
    },
    "DS1-E-1029": {
      "ndcg_cut_5": 0.4030302838010049,
      "ndcg_cut_10": 0.4030302838010049,
      "map_cut_5": 0.16666666666666666,
      "map_cut_10": 0.16666666666666666
    },
    "DS1-E-1083": {
      "ndcg_cut_5": 0.0,
      "ndcg_cut_10": 0.0,
      "map_cut_5": 0.0,
      "map_cut_10": 0.0
    },
    "DS1-E-1028": {
      "ndcg_cut_5": 0.0,
      "ndcg_cut_10": 0.0,
      "map_cut_5": 0.0,
      "map_cut_10": 0.0
    },
    "DS1-E-1013": {
      "ndcg_cut_5": 0.0,
      "ndcg_cut_10": 0.0,
      "map_cut_5": 0.0,
      "map_cut_10": 0.0
    },
    "DS1-E-1074": {
      "ndcg_cut_5": 0.5531464700081437,
      "ndcg_cut_10": 0.6739577727076379,
      "map_cut_5": 0.4,
      "map_cut_10": 0.5
    },
    "DS1-E-1054": {
      "ndcg_cut_5": 0.0,
      "ndcg_cut_10": 0.13905617951077562,
      "map_cut_5": 0.0,
      "map_cut_10": 0.041666666666666664
    },
    "DS1-E-1018": {
      "ndcg_cut_5": 0.0,
      "ndcg_cut_10": 0.0,
      "map_cut_5": 0.0,
      "map_cut_10": 0.0
    },
    "DS1-E-1040": {
      "ndcg_cut_5": 0.0,
      "ndcg_cut_10": 0.0,
      "map_cut_5": 0.0,
      "map_cut_10": 0.0
    },
    "DS1-E-1093": {
      "ndcg_cut_5": 0.0,
      "ndcg_cut_10": 0.0,
      "map_cut_5": 0.0,
      "map_cut_10": 0.0
    },
    "DS1-E-1047": {
      "ndcg_cut_5": 0.0,
      "ndcg_cut_10": 0.0,
      "map_cut_5": 0.0,
      "map_cut_10": 0.0
    },
    "DS1-E-1087": {
      "ndcg_cut_5": 0.46927872602275644,
      "ndcg_cut_10": 0.46927872602275644,
      "map_cut_5": 0.3333333333333333,
      "map_cut_10": 0.3333333333333333
    },
    "DS1-E-1070": {
      "ndcg_cut_5": 0.0,
      "ndcg_cut_10": 0.0,
      "map_cut_5": 0.0,
      "map_cut_10": 0.0
    },
    "DS1-E-1006": {
      "ndcg_cut_5": 0.0,
      "ndcg_cut_10": 0.0,
      "map_cut_5": 0.0,
      "map_cut_10": 0.0
    },
    "DS1-E-1063": {
      "ndcg_cut_5": 0.0,
      "ndcg_cut_10": 0.0,
      "map_cut_5": 0.0,
      "map_cut_10": 0.0
    },
    "DS1-E-1005": {
      "ndcg_cut_5": 0.6164336326286644,
      "ndcg_cut_10": 0.47338717040861195,
      "map_cut_5": 0.21000000000000002,
      "map_cut_10": 0.2671428571428572
    },
    "DS1-E-1017": {
      "ndcg_cut_5": 0.27727342735504823,
      "ndcg_cut_10": 0.17993148201117176,
      "map_cut_5": 0.065,
      "map_cut_10": 0.065
    },
    "DS1-E-1061": {
      "ndcg_cut_5": 0.3065735963827292,
      "ndcg_cut_10": 0.3065735963827292,
      "map_cut_5": 0.16666666666666666,
      "map_cut_10": 0.16666666666666666
    },
    "DS1-E-1076": {
      "ndcg_cut_5": 0.6309297535714575,
      "ndcg_cut_10": 0.6309297535714575,
      "map_cut_5": 0.5,
      "map_cut_10": 0.5
    },
    "DS1-E-1009": {
      "ndcg_cut_5": 0.0,
      "ndcg_cut_10": 0.0,
      "map_cut_5": 0.0,
      "map_cut_10": 0.0
    },
    "DS1-E-1055": {
      "ndcg_cut_5": 0.0,
      "ndcg_cut_10": 0.0,
      "map_cut_5": 0.0,
      "map_cut_10": 0.0
    },
    "DS1-E-1014": {
      "ndcg_cut_5": 0.0,
      "ndcg_cut_10": 0.0,
      "map_cut_5": 0.0,
      "map_cut_10": 0.0
    },
    "DS1-E-1032": {
      "ndcg_cut_5": 0.0,
      "ndcg_cut_10": 0.0,
      "map_cut_5": 0.0,
      "map_cut_10": 0.0
    },
    "DS1-E-1008": {
      "ndcg_cut_5": 0.0,
      "ndcg_cut_10": 0.0,
      "map_cut_5": 0.0,
      "map_cut_10": 0.0
    },
    "DS1-E-1041": {
      "ndcg_cut_5": 0.0,
      "ndcg_cut_10": 0.0,
      "map_cut_5": 0.0,
      "map_cut_10": 0.0
    },
    "DS1-E-1003": {
      "ndcg_cut_5": 0.0,
      "ndcg_cut_10": 0.0,
      "map_cut_5": 0.0,
      "map_cut_10": 0.0
    },
    "DS1-E-1092": {
      "ndcg_cut_5": 0.0,
      "ndcg_cut_10": 0.0,
      "map_cut_5": 0.0,
      "map_cut_10": 0.0
    },
    "DS1-E-1096": {
      "ndcg_cut_5": 0.26886597522786154,
      "ndcg_cut_10": 0.2557586944206491,
      "map_cut_5": 0.1,
      "map_cut_10": 0.15
    },
    "DS1-E-1086": {
      "ndcg_cut_5": 1.0,
      "ndcg_cut_10": 1.0,
      "map_cut_5": 1.0,
      "map_cut_10": 1.0
    },
    "DS1-E-1015": {
      "ndcg_cut_5": 0.0,
      "ndcg_cut_10": 0.0,
      "map_cut_5": 0.0,
      "map_cut_10": 0.0
    },
    "DS1-E-1069": {
      "ndcg_cut_5": 0.5,
      "ndcg_cut_10": 0.5,
      "map_cut_5": 0.3333333333333333,
      "map_cut_10": 0.3333333333333333
    },
    "DS1-E-1051": {
      "ndcg_cut_5": 0.3065735963827292,
      "ndcg_cut_10": 0.3065735963827292,
      "map_cut_5": 0.16666666666666666,
      "map_cut_10": 0.16666666666666666
    },
    "DS1-E-1037": {
      "ndcg_cut_5": 0.0,
      "ndcg_cut_10": 0.0,
      "map_cut_5": 0.0,
      "map_cut_10": 0.0
    },
    "DS1-E-1064": {
      "ndcg_cut_5": 1.0,
      "ndcg_cut_10": 1.0,
      "map_cut_5": 1.0,
      "map_cut_10": 1.0
    },
    "DS1-E-1049": {
      "ndcg_cut_5": 0.0,
      "ndcg_cut_10": 0.0,
      "map_cut_5": 0.0,
      "map_cut_10": 0.0
    },
    "DS1-E-1058": {
      "ndcg_cut_5": 0.7860137352654724,
      "ndcg_cut_10": 0.6370339733570289,
      "map_cut_5": 0.45952380952380956,
      "map_cut_10": 0.45952380952380956
    },
    "DS1-E-1067": {
      "ndcg_cut_5": 0.6376620562607138,
      "ndcg_cut_10": 0.5785674664309405,
      "map_cut_5": 0.19999999999999998,
      "map_cut_10": 0.2889724310776942
    },
    "DS1-E-1007": {
      "ndcg_cut_5": 0.0,
      "ndcg_cut_10": 0.0,
      "map_cut_5": 0.0,
      "map_cut_10": 0.0
    },
    "DS1-E-1085": {
      "ndcg_cut_5": 0.7227265726449519,
      "ndcg_cut_10": 0.6168295842361274,
      "map_cut_5": 0.3,
      "map_cut_10": 0.4291666666666666
    },
    "DS1-E-1078": {
      "ndcg_cut_5": 0.4130547397016814,
      "ndcg_cut_10": 0.4597145022288089,
      "map_cut_5": 0.18181818181818182,
      "map_cut_10": 0.2563131313131313
    },
    "DS1-E-1038": {
      "ndcg_cut_5": 0.7653606369886217,