{
  "eval_config": {
    "do_filter": false,
    "link_pb_lb": 0,
    "link_pb_ub": 1,
    "rho_lb": 0,
    "rho_ub": 1,
    "len_one_check": false,
    "metadata_tokens_len_lb": 0,
    "filtered_1_start_query": false,
    "query_len_ub": 100,
    "use_fasttext_filter": false,
    "use_origin_score": false,
    "link_method": "TAGME",
    "test_collection_name": "ntcir15",
    "train_or_test": "test",
    "data_field": "metadata",
    "res_dir_name": "multi_run",
    "k": 10
  },
  "each query": {
    "DS1-E-1032": {
      "ndcg_cut_5": 0.0,
      "ndcg_cut_10": 0.0,
      "map_cut_5": 0.0,
      "map_cut_10": 0.0
    },
    "DS1-E-1020": {
      "ndcg_cut_5": 0.6548086577531307,
      "ndcg_cut_10": 0.7123736502858727,
      "map_cut_5": 0.14215686274509803,
      "map_cut_10": 0.31325863678804855
    },
    "DS1-E-1016": {
      "ndcg_cut_5": 0.0,
      "ndcg_cut_10": 0.0,
      "map_cut_5": 0.0,
      "map_cut_10": 0.0
    },
    "DS1-E-1060": {
      "ndcg_cut_5": 0.44149241373678083,
      "ndcg_cut_10": 0.44149241373678083,
      "map_cut_5": 0.29166666666666663,
      "map_cut_10": 0.29166666666666663
    },
    "DS1-E-1006": {
      "ndcg_cut_5": 0.0,
      "ndcg_cut_10": 0.0,
      "map_cut_5": 0.0,
      "map_cut_10": 0.0
    },
    "DS1-E-1012": {
      "ndcg_cut_5": 0.0,
      "ndcg_cut_10": 0.0,
      "map_cut_5": 0.0,
      "map_cut_10": 0.0
    },
    "DS1-E-1027": {
      "ndcg_cut_5": 0.7227265726449519,
      "ndcg_cut_10": 0.5390031312763821,
      "map_cut_5": 0.375,
      "map_cut_10": 0.375
    },
    "DS1-E-1082": {
      "ndcg_cut_5": 0.0,
      "ndcg_cut_10": 0.0,
      "map_cut_5": 0.0,
      "map_cut_10": 0.0
    },
    "DS1-E-1083": {
      "ndcg_cut_5": 0.0,
      "ndcg_cut_10": 0.0,
      "map_cut_5": 0.0,
      "map_cut_10": 0.0
    },
    "DS1-E-1017": {
      "ndcg_cut_5": 0.14606834984270645,
      "ndcg_cut_10": 0.16421958630632802,
      "map_cut_5": 0.025,
      "map_cut_10": 0.05
    },
    "DS1-E-1046": {
      "ndcg_cut_5": 0.0,
      "ndcg_cut_10": 0.0,
      "map_cut_5": 0.0,
      "map_cut_10": 0.0
    },
    "DS1-E-1005": {
      "ndcg_cut_5": 0.8687949224876582,
      "ndcg_cut_10": 0.5637884576902256,
      "map_cut_5": 0.4,
      "map_cut_10": 0.4
    },
    "DS1-E-1040": {
      "ndcg_cut_5": 0.0,
      "ndcg_cut_10": 0.0,
      "map_cut_5": 0.0,
      "map_cut_10": 0.0
    },
    "DS1-E-1057": {
      "ndcg_cut_5": 0.49347329178689386,
      "ndcg_cut_10": 0.3514816023510454,
      "map_cut_5": 0.2263888888888889,
      "map_cut_10": 0.2263888888888889
    },
    "DS1-E-1080": {
      "ndcg_cut_5": 0.5531464700081437,
      "ndcg_cut_10": 0.5531464700081437,
      "map_cut_5": 0.4,
      "map_cut_10": 0.4
    },
    "DS1-E-1039": {
      "ndcg_cut_5": 0.0,
      "ndcg_cut_10": 0.0,
      "map_cut_5": 0.0,
      "map_cut_10": 0.0
    },
    "DS1-E-1042": {
      "ndcg_cut_5": 0.0,
      "ndcg_cut_10": 0.0,
      "map_cut_5": 0.0,
      "map_cut_10": 0.0
    },
    "DS1-E-1002": {
      "ndcg_cut_5": 0.0,
      "ndcg_cut_10": 0.0,
      "map_cut_5": 0.0,
      "map_cut_10": 0.0
    },
    "DS1-E-1068": {
      "ndcg_cut_5": 0.0,
      "ndcg_cut_10": 0.0,
      "map_cut_5": 0.0,
      "map_cut_10": 0.0
    },
    "DS1-E-1011": {
      "ndcg_cut_5": 0.44149241373678083,
      "ndcg_cut_10": 0.5716190970674814,
      "map_cut_5": 0.29166666666666663,
      "map_cut_10": 0.3988095238095238
    },
    "DS1-E-1092": {
      "ndcg_cut_5": 0.0,
      "ndcg_cut_10": 0.0,
      "map_cut_5": 0.0,
      "map_cut_10": 0.0
    },
    "DS1-E-1059": {
      "ndcg_cut_5": 0.915209948681596,
      "ndcg_cut_10": 0.8909043615795716,
      "map_cut_5": 0.2777777777777778,
      "map_cut_10": 0.5555555555555556
    },
    "DS1-E-1075": {
      "ndcg_cut_5": 0.13120507751234178,
      "ndcg_cut_10": 0.08514311764162098,
      "map_cut_5": 0.013333333333333334,
      "map_cut_10": 0.013333333333333334
    },
    "DS1-E-1018": {
      "ndcg_cut_5": 0.0,
      "ndcg_cut_10": 0.0,
      "map_cut_5": 0.0,
      "map_cut_10": 0.0
    },
    "DS1-E-1030": {
      "ndcg_cut_5": 0.0,
      "ndcg_cut_10": 0.0,
      "map_cut_5": 0.0,
      "map_cut_10": 0.0
    },
    "DS1-E-1093": {
      "ndcg_cut_5": 0.0,
      "ndcg_cut_10": 0.0,
      "map_cut_5": 0.0,
      "map_cut_10": 0.0
    },
    "DS1-E-1088": {
      "ndcg_cut_5": 0.7227265726449519,
      "ndcg_cut_10": 0.6901935063354876,
      "map_cut_5": 0.25,
      "map_cut_10": 0.42757936507936506
    },
    "DS1-E-1024": {
      "ndcg_cut_5": 0.48522855511632257,
      "ndcg_cut_10": 0.31488013066763093,
      "map_cut_5": 0.125,
      "map_cut_10": 0.125
    },
    "DS1-E-1095": {
      "ndcg_cut_5": 0.0,
      "ndcg_cut_10": 0.0,
      "map_cut_5": 0.0,
      "map_cut_10": 0.0
    },
    "DS1-E-1065": {
      "ndcg_cut_5": 0.0,
      "ndcg_cut_10": 0.0,
      "map_cut_5": 0.0,
      "map_cut_10": 0.0
    },
    "DS1-E-1010": {
      "ndcg_cut_5": 0.22460731655903235,
      "ndcg_cut_10": 0.1599789509135779,
      "map_cut_5": 0.07333333333333333,
      "map_cut_10": 0.07333333333333333
    },
    "DS1-E-1064": {
      "ndcg_cut_5": 0.9828920819566879,
      "ndcg_cut_10": 0.9828920819566879,
      "map_cut_5": 0.95,
      "map_cut_10": 0.95
    },
    "DS1-E-1004": {
      "ndcg_cut_5": 1.0,
      "ndcg_cut_10": 0.727329844310522,
      "map_cut_5": 0.45454545454545453,
      "map_cut_10": 0.5454545454545454
    },
    "DS1-E-1072": {
      "ndcg_cut_5": 0.0,
      "ndcg_cut_10": 0.17723928678404774,
      "map_cut_5": 0.0,
      "map_cut_10": 0.05
    },
    "DS1-E-1076": {
      "ndcg_cut_5": 1.0,
      "ndcg_cut_10": 1.0,
      "map_cut_5": 1.0,
      "map_cut_10": 1.0
    },
    "DS1-E-1035": {
      "ndcg_cut_5": 0.4770382338730848,
      "ndcg_cut_10": 0.4770382338730848,
      "map_cut_5": 0.25,
      "map_cut_10": 0.25
    },
    "DS1-E-1067": {
      "ndcg_cut_5": 0.49347329178689386,
      "ndcg_cut_10": 0.47264420257413103,
      "map_cut_5": 0.14298245614035088,
      "map_cut_10": 0.22631578947368425
    },
    "DS1-E-1028": {
      "ndcg_cut_5": 0.0,
      "ndcg_cut_10": 0.0,
      "map_cut_5": 0.0,
      "map_cut_10": 0.0
    },
    "DS1-E-1038": {
      "ndcg_cut_5": 0.7653606369886217,
      "ndcg_cut_10": 0.7653606369886217,
      "map_cut_5": 0.6666666666666666,
      "map_cut_10": 0.6666666666666666
    },
    "DS1-E-1009": {
      "ndcg_cut_5": 0.0,
      "ndcg_cut_10": 0.0,
      "map_cut_5": 0.0,
      "map_cut_10": 0.0
    },
    "DS1-E-1094": {
      "ndcg_cut_5": 0.8597186998521972,
      "ndcg_cut_10": 0.8597186998521972,
      "map_cut_5": 1.0,
      "map_cut_10": 1.0
    },
    "DS1-E-1087": {
      "ndcg_cut_5": 0.46927872602275644,
      "ndcg_cut_10": 0.46927872602275644,
      "map_cut_5": 0.3333333333333333,
      "map_cut_10": 0.3333333333333333
    },
    "DS1-E-1055": {
      "ndcg_cut_5": 0.0,
      "ndcg_cut_10": 0.0,
      "map_cut_5": 0.0,
      "map_cut_10": 0.0
    },
    "DS1-E-1089": {
      "ndcg_cut_5": 1.0,
      "ndcg_cut_10": 0.6489315753318465,
      "map_cut_5": 0.3333333333333333,
      "map_cut_10": 0.3333333333333333
    },
    "DS1-E-1091": {
      "ndcg_cut_5": 0.32740432887656534,
      "ndcg_cut_10": 0.24600166274918026,
      "map_cut_5": 0.11507936507936507,
      "map_cut_10": 0.11507936507936507
    },
    "DS1-E-1062": {
      "ndcg_cut_5": 1.0,
      "ndcg_cut_10": 1.0,
      "map_cut_5": 1.0,
      "map_cut_10": 1.0
    },
    "DS1-E-1048": {
      "ndcg_cut_5": 0.3623379437392863,
      "ndcg_cut_10": 0.25807905549843924,
      "map_cut_5": 0.11538461538461539,
      "map_cut_10": 0.11538461538461539
    },
    "DS1-E-1081": {
      "ndcg_cut_5": 0.0,
      "ndcg_cut_10": 0.0,
      "map_cut_5": 0.0,
      "map_cut_10": 0.0
    },
    "DS1-E-1084": {
      "ndcg_cut_5": 0.0,
      "ndcg_cut_10": 0.0,
      "map_cut_5": 0.0,
      "map_cut_10": 0.0
    },
    "DS1-E-1066": {
      "ndcg_cut_5": 0.6366824387328317,
      "ndcg_cut_10": 0.6366824387328317,
      "map_cut_5": 0.5,
      "map_cut_10": 0.5
    },