{
  "eval_config": {
    "do_filter": false,
    "link_pb_lb": 0,
    "link_pb_ub": 1,
    "rho_lb": 0,
    "rho_ub": 1,
    "len_one_check": false,
    "metadata_tokens_len_lb": 0,
    "filtered_1_start_query": false,
    "query_len_ub": 100,
    "use_fasttext_filter": false,
    "use_origin_score": false,
    "link_method": "TAGME",
    "test_collection_name": "ntcir16",
    "train_or_test": "test",
    "data_field": "metadata",
    "res_dir_name": "multi_run",
    "k": 10
  },
  "each query": {
    "DS2-E-0039": {
      "ndcg_cut_5": 0.0,
      "ndcg_cut_10": 0.0,
      "map_cut_5": 0.0,
      "map_cut_10": 0.0
    },
    "DS2-E-0019": {
      "ndcg_cut_5": 0.0,
      "ndcg_cut_10": 0.0,
      "map_cut_5": 0.0,
      "map_cut_10": 0.0
    },
    "DS2-E-0055": {
      "ndcg_cut_5": 0.6834743673504836,
      "ndcg_cut_10": 0.7138501939457036,
      "map_cut_5": 0.09259259259259259,
      "map_cut_10": 0.16666666666666666
    },
    "DS2-E-0047": {
      "ndcg_cut_5": 0.0,
      "ndcg_cut_10": 0.0,
      "map_cut_5": 0.0,
      "map_cut_10": 0.0
    },
    "DS2-E-0009": {
      "ndcg_cut_5": 0.0,
      "ndcg_cut_10": 0.0,
      "map_cut_5": 0.0,
      "map_cut_10": 0.0
    },
    "DS2-E-0004": {
      "ndcg_cut_5": 0.0,
      "ndcg_cut_10": 0.06729296884018866,
      "map_cut_5": 0.0,
      "map_cut_10": 0.017857142857142856
    },
    "DS2-E-0016": {
      "ndcg_cut_5": 0.0,
      "ndcg_cut_10": 0.0,
      "map_cut_5": 0.0,
      "map_cut_10": 0.0
    },
    "DS2-E-0038": {
      "ndcg_cut_5": 0.0,
      "ndcg_cut_10": 0.0,
      "map_cut_5": 0.0,
      "map_cut_10": 0.0
    },
    "DS2-E-0022": {
      "ndcg_cut_5": 0.0,
      "ndcg_cut_10": 0.0,
      "map_cut_5": 0.0,
      "map_cut_10": 0.0
    },
    "DS2-E-0046": {
      "ndcg_cut_5": 0.0,
      "ndcg_cut_10": 0.0,
      "map_cut_5": 0.0,
      "map_cut_10": 0.0
    },
    "DS2-E-0002": {
      "ndcg_cut_5": 0.0,
      "ndcg_cut_10": 0.0,
      "map_cut_5": 0.0,
      "map_cut_10": 0.0
    },
    "DS2-E-0005": {
      "ndcg_cut_5": 0.415209948681596,
      "ndcg_cut_10": 0.3392519188682778,
      "map_cut_5": 0.09055555555555556,
      "map_cut_10": 0.13658730158730162
    },
    "DS2-E-0029": {
      "ndcg_cut_5": 0.3623379437392863,
      "ndcg_cut_10": 0.3182088950120325,
      "map_cut_5": 0.15,
      "map_cut_10": 0.19285714285714287
    },
    "DS2-E-0032": {
      "ndcg_cut_5": 0.4130547397016814,
      "ndcg_cut_10": 0.29420263302058774,
      "map_cut_5": 0.0625,
      "map_cut_10": 0.0625
    },
    "DS2-E-0057": {
      "ndcg_cut_5": 0.0,
      "ndcg_cut_10": 0.0,
      "map_cut_5": 0.0,
      "map_cut_10": 0.0
    },
    "DS2-E-0051": {
      "ndcg_cut_5": 0.6566364595953088,
      "ndcg_cut_10": 0.6030203048177273,
      "map_cut_5": 0.35714285714285715,
      "map_cut_10": 0.5
    },
    "DS2-E-0056": {
      "ndcg_cut_5": 1.0,
      "ndcg_cut_10": 1.0,
      "map_cut_5": 1.0,
      "map_cut_10": 1.0
    },
    "DS2-E-0021": {
      "ndcg_cut_5": 0.0,
      "ndcg_cut_10": 0.0,
      "map_cut_5": 0.0,
      "map_cut_10": 0.0
    },
    "DS2-E-0014": {
      "ndcg_cut_5": 0.46927872602275644,
      "ndcg_cut_10": 0.46927872602275644,
      "map_cut_5": 0.3333333333333333,
      "map_cut_10": 0.3333333333333333
    },
    "DS2-E-0045": {
      "ndcg_cut_5": 0.0,
      "ndcg_cut_10": 0.0,
      "map_cut_5": 0.0,
      "map_cut_10": 0.0
    },
    "DS2-E-0030": {
      "ndcg_cut_5": 0.0,
      "ndcg_cut_10": 0.0,
      "map_cut_5": 0.0,
      "map_cut_10": 0.0
    },
    "DS2-E-0025": {
      "ndcg_cut_5": 0.71229144280931,
      "ndcg_cut_10": 0.5841026527897778,
      "map_cut_5": 0.25,
      "map_cut_10": 0.25
    },
    "DS2-E-0015": {
      "ndcg_cut_5": 0.0,
      "ndcg_cut_10": 0.0,
      "map_cut_5": 0.0,
      "map_cut_10": 0.0
    },
    "DS2-E-0001": {
      "ndcg_cut_5": 0.7765732350040719,
      "ndcg_cut_10": 0.754683686655415,
      "map_cut_5": 0.2631578947368421,
      "map_cut_10": 0.5263157894736842
    },
    "DS2-E-0026": {
      "ndcg_cut_5": 0.24630238874073,
      "ndcg_cut_10": 0.24630238874073,
      "map_cut_5": 0.125,
      "map_cut_10": 0.125
    },
    "DS2-E-0043": {
      "ndcg_cut_5": 0.0,
      "ndcg_cut_10": 0.0,
      "map_cut_5": 0.0,
      "map_cut_10": 0.0
    },
    "DS2-E-0035": {
      "ndcg_cut_5": 0.0,
      "ndcg_cut_10": 0.0,
      "map_cut_5": 0.0,
      "map_cut_10": 0.0
    },
    "DS2-E-0031": {
      "ndcg_cut_5": 0.0,
      "ndcg_cut_10": 0.0,
      "map_cut_5": 0.0,
      "map_cut_10": 0.0
    },
    "DS2-E-0003": {
      "ndcg_cut_5": 0.5296347172140421,
      "ndcg_cut_10": 0.4220949603708207,
      "map_cut_5": 0.1474358974358974,
      "map_cut_10": 0.1987179487179487
    },
    "DS2-E-0048": {
      "ndcg_cut_5": 1.0,
      "ndcg_cut_10": 0.800693766409882,
      "map_cut_5": 0.45454545454545453,
      "map_cut_10": 0.6363636363636364
    },
    "DS2-E-0007": {
      "ndcg_cut_5": 0.915210949803576,
      "ndcg_cut_10": 0.892165321643773,
      "map_cut_5": 0.2111111111111111,
      "map_cut_10": 0.4030202821869488
    },
    "DS2-E-0010": {
      "ndcg_cut_5": 0.0,
      "ndcg_cut_10": 0.0,
      "map_cut_5": 0.0,
      "map_cut_10": 0.0
    },
    "DS2-E-0049": {
      "ndcg_cut_5": 0.4130547397016814,
      "ndcg_cut_10": 0.5297977287414252,
      "map_cut_5": 0.1,
      "map_cut_10": 0.2181547619047619
    },
    "DS2-E-0033": {
      "ndcg_cut_5": 0.0,
      "ndcg_cut_10": 0.0,
      "map_cut_5": 0.0,
      "map_cut_10": 0.0
    },
    "DS2-E-0027": {
      "ndcg_cut_5": 0.0,
      "ndcg_cut_10": 0.0,
      "map_cut_5": 0.0,
      "map_cut_10": 0.0
    },
    "DS2-E-0034": {
      "ndcg_cut_5": 0.24842742676916893,
      "ndcg_cut_10": 0.45079020638950784,
      "map_cut_5": 0.1,
      "map_cut_10": 0.24166666666666664
    },
    "DS2-E-0006": {
      "ndcg_cut_5": 0.0,
      "ndcg_cut_10": 0.0,
      "map_cut_5": 0.0,
      "map_cut_10": 0.0
    },
    "DS2-E-0023": {
      "ndcg_cut_5": 0.0,
      "ndcg_cut_10": 0.0,
      "map_cut_5": 0.0,
      "map_cut_10": 0.0
    },
    "DS2-E-0042": {
      "ndcg_cut_5": 0.0,
      "ndcg_cut_10": 0.0,
      "map_cut_5": 0.0,
      "map_cut_10": 0.0
    },
    "DS2-E-0044": {
      "ndcg_cut_5": 0.0,
      "ndcg_cut_10": 0.0,
      "map_cut_5": 0.0,
      "map_cut_10": 0.0
    },
    "DS2-E-0040": {
      "ndcg_cut_5": 0.2960819109658652,
      "ndcg_cut_10": 0.43734888382569426,
      "map_cut_5": 0.16666666666666666,
      "map_cut_10": 0.24074074074074073
    },
    "DS2-E-0012": {
      "ndcg_cut_5": 0.0,
      "ndcg_cut_10": 0.0,
      "map_cut_5": 0.0,
      "map_cut_10": 0.0
    },
    "DS2-E-0041": {
      "ndcg_cut_5": 0.0,
      "ndcg_cut_10": 0.0,
      "map_cut_5": 0.0,
      "map_cut_10": 0.0
    },
    "DS2-E-0036": {
      "ndcg_cut_5": 0.20151514190050246,
      "ndcg_cut_10": 0.20151514190050246,
      "map_cut_5": 0.16666666666666666,
      "map_cut_10": 0.16666666666666666
    },
    "DS2-E-0017": {
      "ndcg_cut_5": 0.9562707599036264,
      "ndcg_cut_10": 0.7092304499926815,
      "map_cut_5": 0.3333333333333333,
      "map_cut_10": 0.3333333333333333
    },
    "DS2-E-0050": {
      "ndcg_cut_5": 0.21398626473452756,
      "ndcg_cut_10": 0.21398626473452756,
      "map_cut_5": 0.1,
      "map_cut_10": 0.1
    },
    "DS2-E-0008": {
      "ndcg_cut_5": 0.6366824387328317,
      "ndcg_cut_10": 0.6366824387328317,
      "map_cut_5": 0.5,
      "map_cut_10": 0.5
    },
    "DS2-E-0054": {
      "ndcg_cut_5": 0.3391602052736161,
      "ndcg_cut_10": 0.3391602052736161,
      "map_cut_5": 0.2,
      "map_cut_10": 0.2
    },
    "DS2-E-0011": {
      "ndcg_cut_5": 0.7601875334318685,
      "ndcg_cut_10": 0.7601875334318685,
      "map_cut_5": 0.5,
      "map_cut_10": 0.5
    },
    "DS2-E-0028": {
      "ndcg_cut_5": 0.0,
      "ndcg_cut_10": 0.0,
      "map_cut_5": 0.0,
      "map_cut_10": 0.0
    },
    "DS2-E-0037": {
      "ndcg_cut_5": 0.0,
      "ndcg_cut_10": 0.0,
      "map_cut_5": 0.0,
      "map_cut_10": 0.0
    },