{
  "eval_config": {
    "do_filter": false,
    "link_pb_lb": 0,
    "link_pb_ub": 1,
    "rho_lb": 0,
    "rho_ub": 1,
    "len_one_check": false,
    "metadata_tokens_len_lb": 0,
    "filtered_1_start_query": false,
    "query_len_ub": 100,
    "use_fasttext_filter": false,
    "use_origin_score": false,
    "link_method": "FALCON2",
    "embedding_method": "kgtk",
    "test_collection_name": "ntcir15",
    "train_or_test": "test",
    "data_field": "metadata",
    "res_dir_name": "multi_run",
    "k": 10
  },
  "each query": {
    "DS1-E-1001": {
      "ndcg_cut_5": 0.0,
      "ndcg_cut_10": 0.0,
      "map_cut_5": 0.0,
      "map_cut_10": 0.0
    },
    "DS1-E-1002": {
      "ndcg_cut_5": 0.0,
      "ndcg_cut_10": 0.0,
      "map_cut_5": 0.0,
      "map_cut_10": 0.0
    },
    "DS1-E-1003": {
      "ndcg_cut_5": 0.0,
      "ndcg_cut_10": 0.0,
      "map_cut_5": 0.0,
      "map_cut_10": 0.0
    },
    "DS1-E-1004": {
      "ndcg_cut_5": 1.0,
      "ndcg_cut_10": 0.7183627972686238,
      "map_cut_5": 0.45454545454545453,
      "map_cut_10": 0.5227272727272727
    },
    "DS1-E-1005": {
      "ndcg_cut_5": 0.6164336326286644,
      "ndcg_cut_10": 0.4636440365082036,
      "map_cut_5": 0.21000000000000002,
      "map_cut_10": 0.25
    },
    "DS1-E-1006": {
      "ndcg_cut_5": 0.0,
      "ndcg_cut_10": 0.0,
      "map_cut_5": 0.0,
      "map_cut_10": 0.0
    },
    "DS1-E-1007": {
      "ndcg_cut_5": 0.0,
      "ndcg_cut_10": 0.0,
      "map_cut_5": 0.0,
      "map_cut_10": 0.0
    },
    "DS1-E-1008": {
      "ndcg_cut_5": 0.0,
      "ndcg_cut_10": 0.0,
      "map_cut_5": 0.0,
      "map_cut_10": 0.0
    },
    "DS1-E-1009": {
      "ndcg_cut_5": 0.0,
      "ndcg_cut_10": 0.0,
      "map_cut_5": 0.0,
      "map_cut_10": 0.0
    },
    "DS1-E-1010": {
      "ndcg_cut_5": 0.2577670251008841,
      "ndcg_cut_10": 0.18359730612299605,
      "map_cut_5": 0.09,
      "map_cut_10": 0.09
    },
    "DS1-E-1011": {
      "ndcg_cut_5": 0.36331756126716835,
      "ndcg_cut_10": 0.49344424459786884,
      "map_cut_5": 0.20833333333333331,
      "map_cut_10": 0.31547619047619047
    },
    "DS1-E-1012": {
      "ndcg_cut_5": 0.0,
      "ndcg_cut_10": 0.0,
      "map_cut_5": 0.0,
      "map_cut_10": 0.0
    },
    "DS1-E-1013": {
      "ndcg_cut_5": 0.0,
      "ndcg_cut_10": 0.0,
      "map_cut_5": 0.0,
      "map_cut_10": 0.0
    },
    "DS1-E-1014": {
      "ndcg_cut_5": 0.0,
      "ndcg_cut_10": 0.0,
      "map_cut_5": 0.0,
      "map_cut_10": 0.0
    },
    "DS1-E-1015": {
      "ndcg_cut_5": 0.0,
      "ndcg_cut_10": 0.0,
      "map_cut_5": 0.0,
      "map_cut_10": 0.0
    },
    "DS1-E-1016": {
      "ndcg_cut_5": 0.0,
      "ndcg_cut_10": 0.0,
      "map_cut_5": 0.0,
      "map_cut_10": 0.0
    },
    "DS1-E-1017": {
      "ndcg_cut_5": 0.21398626473452756,
      "ndcg_cut_10": 0.21726071285222986,
      "map_cut_5": 0.05,
      "map_cut_10": 0.08333333333333333
    },
    "DS1-E-1018": {
      "ndcg_cut_5": 0.0,
      "ndcg_cut_10": 0.0,
      "map_cut_5": 0.0,
      "map_cut_10": 0.0
    },
    "DS1-E-1019": {
      "ndcg_cut_5": 0.38356636737133565,
      "ndcg_cut_10": 0.2489083270225946,
      "map_cut_5": 0.10606060606060605,
      "map_cut_10": 0.10606060606060605
    },
    "DS1-E-1020": {
      "ndcg_cut_5": 0.5296347172140421,
      "ndcg_cut_10": 0.6285108926059098,
      "map_cut_5": 0.11274509803921567,
      "map_cut_10": 0.2792717086834734
    },
    "DS1-E-1021": {
      "ndcg_cut_5": 0.0,
      "ndcg_cut_10": 0.0,
      "map_cut_5": 0.0,
      "map_cut_10": 0.0
    },
    "DS1-E-1022": {
      "ndcg_cut_5": 0.0,
      "ndcg_cut_10": 0.0,
      "map_cut_5": 0.0,
      "map_cut_10": 0.0
    },
    "DS1-E-1023": {
      "ndcg_cut_5": 0.4468535299918563,
      "ndcg_cut_10": 0.5735115521724623,
      "map_cut_5": 0.17916666666666664,
      "map_cut_10": 0.4120535714285714
    },
    "DS1-E-1024": {
      "ndcg_cut_5": 0.34519134224686937,
      "ndcg_cut_10": 0.22400556151517553,
      "map_cut_5": 0.075,
      "map_cut_10": 0.075
    },
    "DS1-E-1025": {
      "ndcg_cut_5": 0.8539316501572937,
      "ndcg_cut_10": 0.693761356516045,
      "map_cut_5": 0.16521739130434782,
      "map_cut_10": 0.22525879917184266
    },
    "DS1-E-1026": {
      "ndcg_cut_5": 0.0,
      "ndcg_cut_10": 0.0,
      "map_cut_5": 0.0,
      "map_cut_10": 0.0
    },
    "DS1-E-1027": {
      "ndcg_cut_5": 0.6548086577531307,
      "ndcg_cut_10": 0.48835054676924156,
      "map_cut_5": 0.3020833333333333,
      "map_cut_10": 0.3020833333333333
    },
    "DS1-E-1028": {
      "ndcg_cut_5": 0.0,
      "ndcg_cut_10": 0.0,
      "map_cut_5": 0.0,
      "map_cut_10": 0.0
    },
    "DS1-E-1029": {
      "ndcg_cut_5": 0.27511096828801057,
      "ndcg_cut_10": 0.27511096828801057,
      "map_cut_5": 0.08333333333333333,
      "map_cut_10": 0.08333333333333333
    },
    "DS1-E-1030": {
      "ndcg_cut_5": 0.0,
      "ndcg_cut_10": 0.0,
      "map_cut_5": 0.0,
      "map_cut_10": 0.0
    },
    "DS1-E-1031": {
      "ndcg_cut_5": 0.38685280723454163,
      "ndcg_cut_10": 0.38685280723454163,
      "map_cut_5": 0.25,
      "map_cut_10": 0.25
    },
    "DS1-E-1032": {
      "ndcg_cut_5": 0.0,
      "ndcg_cut_10": 0.0,
      "map_cut_5": 0.0,
      "map_cut_10": 0.0
    },
    "DS1-E-1033": {
      "ndcg_cut_5": 0.0,
      "ndcg_cut_10": 0.0,
      "map_cut_5": 0.0,
      "map_cut_10": 0.0
    },
    "DS1-E-1034": {
      "ndcg_cut_5": 0.0,
      "ndcg_cut_10": 0.0,
      "map_cut_5": 0.0,
      "map_cut_10": 0.0
    },
    "DS1-E-1035": {
      "ndcg_cut_5": 0.0,
      "ndcg_cut_10": 0.14360281747436796,
      "map_cut_5": 0.0,
      "map_cut_10": 0.027777777777777776
    },
    "DS1-E-1036": {
      "ndcg_cut_5": 0.0,
      "ndcg_cut_10": 0.0,
      "map_cut_5": 0.0,
      "map_cut_10": 0.0
    },
    "DS1-E-1037": {
      "ndcg_cut_5": 0.0,
      "ndcg_cut_10": 0.0,
      "map_cut_5": 0.0,
      "map_cut_10": 0.0
    },
    "DS1-E-1038": {
      "ndcg_cut_5": 0.5307212739772434,
      "ndcg_cut_10": 0.5307212739772434,
      "map_cut_5": 0.38888888888888884,
      "map_cut_10": 0.38888888888888884
    },
    "DS1-E-1039": {
      "ndcg_cut_5": 0.0,
      "ndcg_cut_10": 0.0,
      "map_cut_5": 0.0,
      "map_cut_10": 0.0
    },
    "DS1-E-1040": {
      "ndcg_cut_5": 0.0,
      "ndcg_cut_10": 0.0,
      "map_cut_5": 0.0,
      "map_cut_10": 0.0
    },
    "DS1-E-1041": {
      "ndcg_cut_5": 0.0,
      "ndcg_cut_10": 0.0,
      "map_cut_5": 0.0,
      "map_cut_10": 0.0
    },
    "DS1-E-1042": {
      "ndcg_cut_5": 0.0,
      "ndcg_cut_10": 0.0,
      "map_cut_5": 0.0,
      "map_cut_10": 0.0
    },
    "DS1-E-1043": {
      "ndcg_cut_5": 0.0,
      "ndcg_cut_10": 0.0,
      "map_cut_5": 0.0,
      "map_cut_10": 0.0
    },
    "DS1-E-1044": {
      "ndcg_cut_5": 1.0,
      "ndcg_cut_10": 1.0,
      "map_cut_5": 1.0,
      "map_cut_10": 1.0
    },
    "DS1-E-1045": {
      "ndcg_cut_5": 0.0,
      "ndcg_cut_10": 0.0,
      "map_cut_5": 0.0,
      "map_cut_10": 0.0
    },
    "DS1-E-1046": {
      "ndcg_cut_5": 0.0,
      "ndcg_cut_10": 0.0,
      "map_cut_5": 0.0,
      "map_cut_10": 0.0
    },
    "DS1-E-1047": {
      "ndcg_cut_5": 0.0,
      "ndcg_cut_10": 0.0,
      "map_cut_5": 0.0,
      "map_cut_10": 0.0
    },
    "DS1-E-1048": {
      "ndcg_cut_5": 0.4130547397016814,
      "ndcg_cut_10": 0.29420263302058774,
      "map_cut_5": 0.15384615384615385,
      "map_cut_10": 0.15384615384615385
    },
    "DS1-E-1049": {
      "ndcg_cut_5": 0.0,
      "ndcg_cut_10": 0.0,
      "map_cut_5": 0.0,
      "map_cut_10": 0.0
    },
    "DS1-E-1050": {
      "ndcg_cut_5": 0.0,
      "ndcg_cut_10": 0.0,
      "map_cut_5": 0.0,
      "map_cut_10": 0.0
    },
    "DS1-E-1051": {
      "ndcg_cut_5": 0.0,
      "ndcg_cut_10": 0.21840743681816419,
      "map_cut_5": 0.0,
      "map_cut_10": 0.08333333333333333
    },
    "DS1-E-1052": {
      "ndcg_cut_5": 0.0,
      "ndcg_cut_10": 0.0,
      "map_cut_5": 0.0,
      "map_cut_10": 0.0
    },