{
  "each query": {
    "DS1-E-1032": [
      0.0,
      0.0
    ],
    "DS1-E-1020": [
      0.830419897363192,
      0.4
    ],
    "DS1-E-1016": [
      0.0,
      0.0
    ],
    "DS1-E-1060": [
      0.6366824387328317,
      0.0
    ],
    "DS1-E-1006": [
      0.0,
      0.0
    ],
    "DS1-E-1012": [
      0.0,
      0.0
    ],
    "DS1-E-1027": [
      0.7227265726449519,
      0.8
    ],
    "DS1-E-1082": [
      0.0,
      0.0
    ],
    "DS1-E-1083": [
      0.0,
      0.0
    ],
    "DS1-E-1017": [
      0.38356636737133565,
      0.0
    ],
    "DS1-E-1046": [
      0.0,
      0.0
    ],
    "DS1-E-1005": [
      0.8687949224876582,
      0.8
    ],
    "DS1-E-1040": [
      0.0,
      0.0
    ],
    "DS1-E-1057": [
      0.49347329178689386,
      0.7
    ],
    "DS1-E-1080": [
      0.5531464700081437,
      0.0
    ],
    "DS1-E-1039": [
      0.0,
      0.0
    ],
    "DS1-E-1042": [
      0.0,
      0.0
    ],
    "DS1-E-1002": [
      0.0,
      0.0
    ],
    "DS1-E-1068": [
      0.0,
      0.0
    ],
    "DS1-E-1011": [
      0.592512031964586,
      0.7
    ],
    "DS1-E-1092": [
      0.0,
      0.0
    ],
    "DS1-E-1059": [
      0.915209948681596,
      1.0
    ],
    "DS1-E-1075": [
      0.14606834984270645,
      0.1
    ],
    "DS1-E-1018": [
      0.0,
      0.0
    ],
    "DS1-E-1030": [
      0.0,
      0.0
    ],
    "DS1-E-1093": [
      0.0,
      0.0
    ],
    "DS1-E-1088": [
      0.7227265726449519,
      1.0
    ],
    "DS1-E-1024": [
      0.5531464700081437,
      0.0
    ],
    "DS1-E-1095": [
      0.0,
      0.0
    ],
    "DS1-E-1065": [
      0.0,
      0.0
    ],
    "DS1-E-1010": [
      0.3623379437392863,
      0.0
    ],
    "DS1-E-1064": [
      1.0,
      0.5
    ],
    "DS1-E-1004": [
      1.0,
      0.3
    ],
    "DS1-E-1072": [
      0.2640681225725909,
      0.0
    ],
    "DS1-E-1076": [
      1.0,
      1.0
    ],
    "DS1-E-1035": [
      0.4770382338730848,
      0.2
    ],
    "DS1-E-1067": [
      0.5869452602983186,
      0.5
    ],
    "DS1-E-1028": [
      0.0,
      0.0
    ],
    "DS1-E-1038": [
      0.7653606369886217,
      0.5
    ],
    "DS1-E-1009": [
      0.0,
      0.0
    ],
    "DS1-E-1094": [
      0.8597186998521972,
      0.8
    ],
    "DS1-E-1087": [
      0.46927872602275644,
      0.0
    ],
    "DS1-E-1055": [
      0.0,
      0.0
    ],
    "DS1-E-1089": [
      1.0,
      0.7
    ],
    "DS1-E-1091": [
      0.32740432887656534,
      1.0
    ],
    "DS1-E-1062": [
      1.0,
      0.3
    ],
    "DS1-E-1048": [
      0.4130547397016814,
      0.0
    ],
    "DS1-E-1081": [
      0.0,
      0.0
    ],
    "DS1-E-1084": [
      0.0,
      0.0
    ],
    "DS1-E-1066": [
      0.6366824387328317,
      0.0
    ],
    "DS1-E-1041": [
      0.0,
      0.0
    ],
    "DS1-E-1049": [
      0.0,
      0.0
    ],
    "DS1-E-1047": [
      0.0,
      0.0
    ],
    "DS1-E-1015": [
      0.0,
      0.0
    ],
    "DS1-E-1031": [
      0.6131471927654584,
      0.6
    ],
    "DS1-E-1007": [
      0.0,
      0.0
    ],
    "DS1-E-1014": [
      0.0,
      0.0
    ],
    "DS1-E-1086": [
      1.0,
      0.0
    ],
    "DS1-E-1071": [
      0.8733683229467235,
      0.0
    ],
    "DS1-E-1085": [
      0.8687949224876582,
      0.0
    ],
    "DS1-E-1096": [
      0.5221293293344146,
      0.6
    ],
    "DS1-E-1056": [
      1.0,
      0.0
    ],
    "DS1-E-1045": [
      0.0,
      0.0
    ],
    "DS1-E-1023": [
      0.7860137352654724,
      0.0
    ],
    "DS1-E-1061": [
      0.6131471927654584,
      0.5
    ],
    "DS1-E-1052": [
      0.0,
      0.0
    ],
    "DS1-E-1033": [
      0.0,
      0.0
    ],
    "DS1-E-1090": [
      0.0,
      0.0
    ],
    "DS1-E-1054": [
      0.3903800499921017,
      0.0
    ],
    "DS1-E-1037": [
      0.0,
      0.0
    ],
    "DS1-E-1034": [
      0.0,
      0.0
    ],
    "DS1-E-1025": [
      0.7860137352654724,
      1.0
    ],
    "DS1-E-1044": [
      1.0,
      0.0
    ],
    "DS1-E-1013": [
      0.0,
      0.0
    ],
    "DS1-E-1077": [
      0.5531464700081437,
      0.9
    ],
    "DS1-E-1003": [
      0.0,
      0.0
    ],
    "DS1-E-1001": [
      0.0,
      0.0
    ],
    "DS1-E-1021": [
      0.0,
      0.0
    ],
    "DS1-E-1022": [
      0.0,
      0.0
    ],
    "DS1-E-1029": [
      0.6387878864795979,
      0.0
    ],
    "DS1-E-1063": [
      0.0,
      0.0
    ],
    "DS1-E-1069": [
      1.0,
      0.0
    ],
    "DS1-E-1036": [
      0.0,
      0.0
    ],
    "DS1-E-1051": [
      0.6131471927654584,
      0.4
    ],
    "DS1-E-1070": [
      0.0,
      0.0
    ],
    "DS1-E-1026": [
      0.0,
      0.0
    ],
    "DS1-E-1053": [
      0.0,
      0.0
    ],
    "DS1-E-1078": [
      0.7753926834409677,
      0.9
    ],
    "DS1-E-1008": [
      0.0,
      0.0
    ],
    "DS1-E-1073": [
      0.48522855511632257,
      0.7
    ],
    "DS1-E-1058": [
      0.8687949224876582,
      0.5
    ],
    "DS1-E-1019": [
      0.5531464700081437,
      0.0
    ],
    "DS1-E-1079": [
      1.0,
      0.0
    ],
    "DS1-E-1043": [
      0.0,
      0.0
    ],
    "DS1-E-1074": [
      0.30078518014914984,
      0.6
    ],
    "DS1-E-1050": [
      0.0,
      0.0
    ]
  },
  "mean": 0.3418936073486784,
  "mean_all": 0.3419
}