{
  "eval_config": {
    "do_filter": false,
    "link_pb_lb": 0,
    "link_pb_ub": 1,
    "rho_lb": 0,
    "rho_ub": 1,
    "len_one_check": false,
    "metadata_tokens_len_lb": 0,
    "filtered_1_start_query": false,
    "query_len_ub": 100,
    "use_fasttext_filter": false,
    "use_origin_score": false,
    "link_method": "TAGME",
    "test_collection_name": "ntcir16",
    "train_or_test": "test",
    "data_field": "metadata",
    "res_dir_name": "multi_run",
    "k": 10
  },
  "each query": {
    "DS2-E-0039": {
      "ndcg_cut_5": 0.0,
      "ndcg_cut_10": 0.0,
      "map_cut_5": 0.0,
      "map_cut_10": 0.0
    },
    "DS2-E-0019": {
      "ndcg_cut_5": 0.0,
      "ndcg_cut_10": 0.0,
      "map_cut_5": 0.0,
      "map_cut_10": 0.0
    },
    "DS2-E-0055": {
      "ndcg_cut_5": 0.5430575929537645,
      "ndcg_cut_10": 0.6925547784301563,
      "map_cut_5": 0.07407407407407407,
      "map_cut_10": 0.15471046443268666
    },
    "DS2-E-0047": {
      "ndcg_cut_5": 0.0,
      "ndcg_cut_10": 0.0,
      "map_cut_5": 0.0,
      "map_cut_10": 0.0
    },
    "DS2-E-0009": {
      "ndcg_cut_5": 0.0,
      "ndcg_cut_10": 0.0,
      "map_cut_5": 0.0,
      "map_cut_10": 0.0
    },
    "DS2-E-0004": {
      "ndcg_cut_5": 0.0,
      "ndcg_cut_10": 0.06077160635453525,
      "map_cut_5": 0.0,
      "map_cut_10": 0.013888888888888888
    },
    "DS2-E-0016": {
      "ndcg_cut_5": 0.0,
      "ndcg_cut_10": 0.0,
      "map_cut_5": 0.0,
      "map_cut_10": 0.0
    },
    "DS2-E-0038": {
      "ndcg_cut_5": 0.0,
      "ndcg_cut_10": 0.0,
      "map_cut_5": 0.0,
      "map_cut_10": 0.0
    },
    "DS2-E-0022": {
      "ndcg_cut_5": 0.0,
      "ndcg_cut_10": 0.0,
      "map_cut_5": 0.0,
      "map_cut_10": 0.0
    },
    "DS2-E-0046": {
      "ndcg_cut_5": 0.0,
      "ndcg_cut_10": 0.0,
      "map_cut_5": 0.0,
      "map_cut_10": 0.0
    },
    "DS2-E-0002": {
      "ndcg_cut_5": 0.0,
      "ndcg_cut_10": 0.0,
      "map_cut_5": 0.0,
      "map_cut_10": 0.0
    },
    "DS2-E-0005": {
      "ndcg_cut_5": 0.28902930375209906,
      "ndcg_cut_10": 0.2916968817169245,
      "map_cut_5": 0.04777777777777777,
      "map_cut_10": 0.1085185185185185
    },
    "DS2-E-0029": {
      "ndcg_cut_5": 0.4603135832450421,
      "ndcg_cut_10": 0.3278632471416273,
      "map_cut_5": 0.21000000000000002,
      "map_cut_10": 0.21000000000000002
    },
    "DS2-E-0032": {
      "ndcg_cut_5": 0.2577670251008841,
      "ndcg_cut_10": 0.18359730612299605,
      "map_cut_5": 0.028125,
      "map_cut_10": 0.028125
    },
    "DS2-E-0057": {
      "ndcg_cut_5": 0.0,
      "ndcg_cut_10": 0.0,
      "map_cut_5": 0.0,
      "map_cut_10": 0.0
    },
    "DS2-E-0051": {
      "ndcg_cut_5": 0.5804751699305777,
      "ndcg_cut_10": 0.5984288492462718,
      "map_cut_5": 0.35714285714285715,
      "map_cut_10": 0.5
    },
    "DS2-E-0056": {
      "ndcg_cut_5": 0.6309297535714575,
      "ndcg_cut_10": 0.6309297535714575,
      "map_cut_5": 0.5,
      "map_cut_10": 0.5
    },
    "DS2-E-0021": {
      "ndcg_cut_5": 0.0,
      "ndcg_cut_10": 0.0,
      "map_cut_5": 0.0,
      "map_cut_10": 0.0
    },
    "DS2-E-0014": {
      "ndcg_cut_5": 0.0,
      "ndcg_cut_10": 0.1480409554829326,
      "map_cut_5": 0.0,
      "map_cut_10": 0.041666666666666664
    },
    "DS2-E-0045": {
      "ndcg_cut_5": 0.0,
      "ndcg_cut_10": 0.0,
      "map_cut_5": 0.0,
      "map_cut_10": 0.0
    },
    "DS2-E-0030": {
      "ndcg_cut_5": 0.0,
      "ndcg_cut_10": 0.0,
      "map_cut_5": 0.0,
      "map_cut_10": 0.0
    },
    "DS2-E-0025": {
      "ndcg_cut_5": 0.43673949858938643,
      "ndcg_cut_10": 0.47752120245987933,
      "map_cut_5": 0.125,
      "map_cut_10": 0.1607142857142857
    },
    "DS2-E-0015": {
      "ndcg_cut_5": 0.0,
      "ndcg_cut_10": 0.0,
      "map_cut_5": 0.0,
      "map_cut_10": 0.0
    },
    "DS2-E-0001": {
      "ndcg_cut_5": 0.5,
      "ndcg_cut_10": 0.6306932731018609,
      "map_cut_5": 0.2631578947368421,
      "map_cut_10": 0.5263157894736842
    },
    "DS2-E-0026": {
      "ndcg_cut_5": 0.19519002499605084,
      "ndcg_cut_10": 0.19519002499605084,
      "map_cut_5": 0.08333333333333333,
      "map_cut_10": 0.08333333333333333
    },
    "DS2-E-0043": {
      "ndcg_cut_5": 0.0,
      "ndcg_cut_10": 0.0,
      "map_cut_5": 0.0,
      "map_cut_10": 0.0
    },
    "DS2-E-0035": {
      "ndcg_cut_5": 0.0,
      "ndcg_cut_10": 0.0,
      "map_cut_5": 0.0,
      "map_cut_10": 0.0
    },
    "DS2-E-0031": {
      "ndcg_cut_5": 0.0,
      "ndcg_cut_10": 0.0,
      "map_cut_5": 0.0,
      "map_cut_10": 0.0
    },
    "DS2-E-0003": {
      "ndcg_cut_5": 0.3156484524795145,
      "ndcg_cut_10": 0.35266373843404347,
      "map_cut_5": 0.0641025641025641,
      "map_cut_10": 0.14102564102564102
    },
    "DS2-E-0048": {
      "ndcg_cut_5": 1.0,
      "ndcg_cut_10": 0.7967610662472993,
      "map_cut_5": 0.45454545454545453,
      "map_cut_10": 0.625
    },
    "DS2-E-0007": {
      "ndcg_cut_5": 0.5941231586290995,
      "ndcg_cut_10": 0.7401784253898939,
      "map_cut_5": 0.2111111111111111,
      "map_cut_10": 0.4030202821869488
    },
    "DS2-E-0010": {
      "ndcg_cut_5": 0.0,
      "ndcg_cut_10": 0.0,
      "map_cut_5": 0.0,
      "map_cut_10": 0.0
    },
    "DS2-E-0049": {
      "ndcg_cut_5": 0.6376620562607138,
      "ndcg_cut_10": 0.5606285047648821,
      "map_cut_5": 0.19,
      "map_cut_10": 0.24777777777777774
    },
    "DS2-E-0033": {
      "ndcg_cut_5": 0.0,
      "ndcg_cut_10": 0.0,
      "map_cut_5": 0.0,
      "map_cut_10": 0.0
    },
    "DS2-E-0027": {
      "ndcg_cut_5": 0.0,
      "ndcg_cut_10": 0.0,
      "map_cut_5": 0.0,
      "map_cut_10": 0.0
    },
    "DS2-E-0034": {
      "ndcg_cut_5": 0.0,
      "ndcg_cut_10": 0.31569529959775905,
      "map_cut_5": 0.0,
      "map_cut_10": 0.13777777777777778
    },
    "DS2-E-0006": {
      "ndcg_cut_5": 0.0,
      "ndcg_cut_10": 0.0,
      "map_cut_5": 0.0,
      "map_cut_10": 0.0
    },
    "DS2-E-0023": {
      "ndcg_cut_5": 0.0,
      "ndcg_cut_10": 0.0,
      "map_cut_5": 0.0,
      "map_cut_10": 0.0
    },
    "DS2-E-0042": {
      "ndcg_cut_5": 0.0,
      "ndcg_cut_10": 0.0,
      "map_cut_5": 0.0,
      "map_cut_10": 0.0
    },
    "DS2-E-0044": {
      "ndcg_cut_5": 0.0,
      "ndcg_cut_10": 0.0,
      "map_cut_5": 0.0,
      "map_cut_10": 0.0
    },
    "DS2-E-0040": {
      "ndcg_cut_5": 0.4776237035032179,
      "ndcg_cut_10": 0.4776237035032179,
      "map_cut_5": 0.3,
      "map_cut_10": 0.3
    },
    "DS2-E-0012": {
      "ndcg_cut_5": 0.0,
      "ndcg_cut_10": 0.0,
      "map_cut_5": 0.0,
      "map_cut_10": 0.0
    },
    "DS2-E-0041": {
      "ndcg_cut_5": 0.0,
      "ndcg_cut_10": 0.0,
      "map_cut_5": 0.0,
      "map_cut_10": 0.0
    },
    "DS2-E-0036": {
      "ndcg_cut_5": 0.0,
      "ndcg_cut_10": 0.1137704181007881,
      "map_cut_5": 0.0,
      "map_cut_10": 0.05555555555555555
    },
    "DS2-E-0017": {
      "ndcg_cut_5": 0.49392169351461673,
      "ndcg_cut_10": 0.5182165675702454,
      "map_cut_5": 0.07777777777777777,
      "map_cut_10": 0.17301587301587298
    },
    "DS2-E-0050": {
      "ndcg_cut_5": 0.13120507751234178,
      "ndcg_cut_10": 0.13120507751234178,
      "map_cut_5": 0.04,
      "map_cut_10": 0.04
    },
    "DS2-E-0008": {
      "ndcg_cut_5": 0.15101961822780524,
      "ndcg_cut_10": 0.29007579773858083,
      "map_cut_5": 0.05,
      "map_cut_10": 0.13333333333333333
    },
    "DS2-E-0054": {
      "ndcg_cut_5": 0.3391602052736161,
      "ndcg_cut_10": 0.3391602052736161,
      "map_cut_5": 0.2,
      "map_cut_10": 0.2
    },
    "DS2-E-0011": {
      "ndcg_cut_5": 0.7601875334318685,
      "ndcg_cut_10": 0.7601875334318685,
      "map_cut_5": 0.5,
      "map_cut_10": 0.5
    },
    "DS2-E-0028": {
      "ndcg_cut_5": 0.0,
      "ndcg_cut_10": 0.0,
      "map_cut_5": 0.0,
      "map_cut_10": 0.0
    },
    "DS2-E-0037": {
      "ndcg_cut_5": 0.0,
      "ndcg_cut_10": 0.0,
      "map_cut_5": 0.0,
      "map_cut_10": 0.0
    },
    "DS2-E-0018": {
      "ndcg_cut_5": 0.0,